feature,microsoft_term,learn_url,tag,scope_and_verification,external_source
Location enumeration,CertEnumSystemStoreLocation,https://learn.microsoft.com/en-us/windows/win32/api/wincrypt/nf-wincrypt-certenumsystemstorelocation,documented,Implemented source; Windows execution to test,
System store enumeration,CertEnumSystemStore,https://learn.microsoft.com/en-us/windows/win32/api/wincrypt/nf-wincrypt-certenumsystemstore,documented,Implemented source; Windows execution to test,
Physical store enumeration,CertEnumPhysicalStore,https://learn.microsoft.com/en-us/windows/win32/api/wincrypt/nf-wincrypt-certenumphysicalstore,documented,Implemented source; Windows execution to test,
Registered and predefined physical siblings,CERT_PHYSICAL_STORE_PREDEFINED_ENUM_FLAG,https://learn.microsoft.com/en-us/windows/win32/api/wincrypt/nc-wincrypt-pfn_cert_enum_physical_store,documented,Implemented source; Windows execution to test,
Physical store metadata,CERT_PHYSICAL_STORE_INFO,https://learn.microsoft.com/en-us/windows/win32/api/wincrypt/ns-wincrypt-cert_physical_store_info,documented,Implemented source; Windows execution to test,
System store collection,System Store Locations,https://learn.microsoft.com/en-us/windows/win32/seccrypto/system-store-locations,documented,Implemented source; Windows execution to test,
Location registry paths,System Store Locations,https://learn.microsoft.com/en-us/windows/win32/seccrypto/system-store-locations,documented,Implemented source; Windows execution to test,
Policy locations,CERT_SYSTEM_STORE_CURRENT_USER_GROUP_POLICY / CERT_SYSTEM_STORE_LOCAL_MACHINE_GROUP_POLICY,https://learn.microsoft.com/en-us/windows/win32/seccrypto/system-store-locations,documented,Implemented source; Windows execution to test,
Services and user scopes,CERT_SYSTEM_STORE_CURRENT_SERVICE / CERT_SYSTEM_STORE_SERVICES / CERT_SYSTEM_STORE_USERS,https://learn.microsoft.com/en-us/windows/win32/seccrypto/system-store-locations,documented,Implemented source; Windows execution to test,
Enterprise cache registry mapping,CERT_SYSTEM_STORE_LOCAL_MACHINE_ENTERPRISE,https://learn.microsoft.com/en-us/windows/win32/seccrypto/system-store-locations,to test,Do not invent exact cache paths,
Read-only existing-store opens,CERT_STORE_READONLY_FLAG / CERT_STORE_OPEN_EXISTING_FLAG,https://learn.microsoft.com/en-us/windows/win32/api/wincrypt/nf-wincrypt-certopenstore,documented,Implemented source; Windows execution to test,
Archived certificates,CERT_STORE_ENUM_ARCHIVED_FLAG,https://learn.microsoft.com/en-us/windows/win32/api/wincrypt/nf-wincrypt-certopenstore,documented,Implemented source; Windows execution to test,
Logical collection reads,CERT_STORE_PROV_SYSTEM_W,https://learn.microsoft.com/en-us/windows/win32/api/wincrypt/nf-wincrypt-certopenstore,documented,Implemented source; Windows execution to test,
Physical sibling reads,CERT_STORE_PROV_PHYSICAL_W,https://learn.microsoft.com/en-us/windows/win32/api/wincrypt/nf-wincrypt-certopenstore,documented,Implemented source; Windows execution to test,
Certificate enumeration,CertEnumCertificatesInStore,https://learn.microsoft.com/en-us/windows/win32/api/wincrypt/nf-wincrypt-certenumcertificatesinstore,documented,Implemented source; Windows execution to test,
Certificate context bytes,CERT_CONTEXT,https://learn.microsoft.com/en-us/windows/win32/api/wincrypt/ns-wincrypt-cert_context,documented,Implemented source; Windows execution to test,
Found in,CertEnumPhysicalStore / CertEnumCertificatesInStore,https://learn.microsoft.com/en-us/windows/win32/api/wincrypt/nf-wincrypt-certenumphysicalstore,to test,"User-requested derived column; observed occurrences, not a native certificate property",
Subject,X509Certificate2.Subject,https://learn.microsoft.com/en-us/dotnet/api/system.security.cryptography.x509certificates.x509certificate2.subject?view=netframework-4.8.1,documented,Implemented source; Windows execution to test,
Issuer,X509Certificate2.Issuer,https://learn.microsoft.com/en-us/dotnet/api/system.security.cryptography.x509certificates.x509certificate2.issuer?view=netframework-4.8.1,documented,Implemented source; Windows execution to test,
Not before,X509Certificate2.NotBefore,https://learn.microsoft.com/en-us/dotnet/api/system.security.cryptography.x509certificates.x509certificate2.notbefore?view=netframework-4.8.1,documented,Implemented source; Windows execution to test,
Not after,X509Certificate2.NotAfter,https://learn.microsoft.com/en-us/dotnet/api/system.security.cryptography.x509certificates.x509certificate2.notafter?view=netframework-4.8.1,documented,Implemented source; Windows execution to test,
Thumbprint (SHA-1),X509Certificate2.Thumbprint,https://learn.microsoft.com/en-us/dotnet/api/system.security.cryptography.x509certificates.x509certificate2.thumbprint?view=netframework-4.8.1,documented,Implemented source; Windows execution to test,
SHA-1 of DER,SHA1.ComputeHash,https://learn.microsoft.com/en-us/dotnet/api/system.security.cryptography.hashalgorithm.computehash?view=netframework-4.8.1,documented,Implemented source; Windows execution to test,
SHA-256 of DER,SHA256.ComputeHash,https://learn.microsoft.com/en-us/dotnet/api/system.security.cryptography.sha256?view=netframework-4.8.1,documented,Implemented source; Windows execution to test,
Duplicate identity and full occurrence preservation,CERT_CONTEXT.pbCertEncoded,https://learn.microsoft.com/en-us/windows/win32/api/wincrypt/ns-wincrypt-cert_context,to test,Application compares full DER after hash indexing; not a Microsoft-defined aggregate,
Key Usage,X509KeyUsageExtension,https://learn.microsoft.com/en-us/dotnet/api/system.security.cryptography.x509certificates.x509keyusageextension?view=netframework-4.8.1,documented,Implemented source; Windows execution to test,
Enhanced Key Usage,CertGetEnhancedKeyUsage,https://learn.microsoft.com/en-us/windows/win32/api/wincrypt/nf-wincrypt-certgetenhancedkeyusage,documented,Implemented source; Windows execution to test,
Per-purpose chain-policy status,CertVerifyCertificateChainPolicy / CERT_CHAIN_POLICY_STATUS.dwError,https://learn.microsoft.com/en-us/windows/win32/api/wincrypt/nf-wincrypt-certverifycertificatechainpolicy,to test,After enumeration gate; not evaluated in v0.1 explorer,
Tree branches,TreeView.ShowLines / ShowRootLines / ShowPlusMinus,https://learn.microsoft.com/en-us/dotnet/api/system.windows.forms.treeview?view=netframework-4.8.1,documented,Implemented source; Windows execution to test,
Certificate list and sorting,ListView / ColumnClick,https://learn.microsoft.com/en-us/dotnet/api/system.windows.forms.listview?view=netframework-4.8.1,documented,Implemented source; Windows execution to test,
Resizable details pane,SplitContainer / TextBox.ReadOnly,https://learn.microsoft.com/en-us/dotnet/api/system.windows.forms.splitcontainer?view=netframework-4.8.1,documented,Implemented source; Windows execution to test,
Classic menu,MainMenu,https://learn.microsoft.com/en-us/dotnet/api/system.windows.forms.mainmenu?view=netframework-4.8.1,documented,Implemented source; Windows execution to test,
Copy hashes,Clipboard.SetText,https://learn.microsoft.com/en-us/dotnet/api/system.windows.forms.clipboard.settext?view=netframework-4.8.1,documented,Implemented source; Windows execution to test,
Persistent activity log,DateTime.UtcNow / CertEnumCertificatesInStore,https://learn.microsoft.com/en-us/windows/win32/api/wincrypt/nf-wincrypt-certenumcertificatesinstore,to test,Durable application read journal across scans and launches; OS-wide monitoring remains a separate required function; D020: supported CAPI2 evidence collector and optional ETW syscalls now prepared; universal verifier coverage remains required,
Native errors,GetLastError / Win32Exception,https://learn.microsoft.com/en-us/windows/win32/api/errhandlingapi/nf-errhandlingapi-getlasterror,documented,Implemented source; Windows execution to test,
Store/context lifetime,CertCloseStore / CertFreeCertificateContext,https://learn.microsoft.com/en-us/windows/win32/api/wincrypt/nf-wincrypt-certclosestore,documented,Implemented source; Windows execution to test,
Snapshot refresh,CertEnumSystemStoreLocation,https://learn.microsoft.com/en-us/windows/win32/api/wincrypt/nf-wincrypt-certenumsystemstorelocation,to test,New scan; no live watcher,
Windows launcher,Add-Type,https://learn.microsoft.com/en-us/powershell/module/microsoft.powershell.utility/add-type?view=powershell-5.1,to test,Windows PowerShell launch and native compilation not run here,
Home and Pro enumeration gate,CertEnumSystemStoreLocation / CertEnumSystemStore / CertEnumPhysicalStore,https://learn.microsoft.com/en-us/windows/win32/api/wincrypt/nf-wincrypt-certenumsystemstorelocation,to test,Manual machine verification required,
Chain construction,CertGetCertificateChain,https://learn.microsoft.com/en-us/windows/win32/api/wincrypt/nf-wincrypt-certgetcertificatechain,to test,After enumeration gate; links only from Windows return data,
Multiple simple chains and contexts,CERT_CHAIN_CONTEXT.cChain / rgpChain / cLowerQualityChainContext,https://learn.microsoft.com/en-us/windows/win32/api/wincrypt/ns-wincrypt-cert_chain_context,to test,After enumeration gate; preserve returned context identity,
Chain element trust,CERT_CHAIN_ELEMENT.TrustStatus,https://learn.microsoft.com/en-us/windows/win32/api/wincrypt/ns-wincrypt-cert_chain_element,to test,After enumeration gate; do not infer a verdict from API success,
Chain cards and source labels,CERT_CHAIN_ELEMENT.pCertContext,https://learn.microsoft.com/en-us/windows/win32/api/wincrypt/ns-wincrypt-cert_chain_element,to test,User-requested presentation; issuer source from observed inventory matches,
Parent linkage,CertGetCertificateChain,https://learn.microsoft.com/en-us/windows/win32/api/wincrypt/nf-wincrypt-certgetcertificatechain,to test,Issuer/key identifiers find candidates; returned chain establishes displayed edges,
Read-only chain behavior,CERT_CHAIN_CACHE_ONLY_URL_RETRIEVAL / CERT_CHAIN_DISABLE_AUTH_ROOT_AUTO_UPDATE / CERT_CHAIN_DISABLE_AIA,https://learn.microsoft.com/en-us/windows/win32/api/wincrypt/nf-wincrypt-certgetcertificatechain,to test,After enumeration gate; verify cache and root-store side effects,
Trusted CTL,Trusted CTL / AuthRoot,https://learn.microsoft.com/en-us/windows-server/identity/ad-cs/configure-trusted-roots-disallowed-certificates,to test,Documented list; SHA-1 lookup and constraints must be verified,
Untrusted CTL,Untrusted CTL / Disallowed,https://learn.microsoft.com/en-us/windows-server/identity/ad-cs/configure-trusted-roots-disallowed-certificates,to test,Documented list; SHA-1 lookup and disallowed interpretation must be verified,
Hash strip hits misses and date,CTL_INFO,https://learn.microsoft.com/en-us/windows/win32/api/wincrypt/ns-wincrypt-ctl_info,to test,User-requested derived view; keep unloaded and miss distinct,
CCADB hash lookup and program status,No Microsoft term for CCADB fields; SHA256 is the underlying lookup,https://learn.microsoft.com/en-us/dotnet/api/system.security.cryptography.sha256?view=netframework-4.8.1,to test,External CA Owner / Microsoft status / Mozilla status; actual CSV version and headers to test,https://www.ccadb.org/resources
Local CSV lists,No Microsoft certificate term; user-defined local metadata,https://learn.microsoft.com/en-us/dotnet/api/system.windows.forms.listview?view=netframework-4.8.1,to test,"Requested fields: hash or CA owner, tag, source, date; after gate",
Geo from subject and issuer C=,CertGetNameString / CERT_NAME_ATTR_TYPE,https://learn.microsoft.com/en-us/windows/win32/api/wincrypt/nf-wincrypt-certgetnamestringw,to test,Country attribute is certificate data; owner-country table is sourced external metadata; D020: exact DER C/O extraction and local owner mapping source prepared; Windows to test,
Alignment,No Microsoft certificate term; user-defined alignment,https://learn.microsoft.com/en-us/dotnet/api/system.windows.forms.listview?view=netframework-4.8.1,to test,Presentation API only; tag carries user source and date,
Flagged organizations,No Microsoft certificate term for a user flag; Untrusted CTL supplies documented distrust,https://learn.microsoft.com/en-us/windows-server/identity/ad-cs/configure-trusted-roots-disallowed-certificates,to test,Documented distrust and user flags stay separate,
Owner standings and country grouping,ListView.Groups / ColumnClick,https://learn.microsoft.com/en-us/dotnet/api/system.windows.forms.listview?view=netframework-4.8.1,to test,CA owner/country external; exact user-requested columns; no fabricated publisher status,https://www.ccadb.org/resources
Expiry within twelve months,X509Certificate2.NotAfter / DateTime.AddMonths,https://learn.microsoft.com/en-us/dotnet/api/system.datetime.addmonths?view=netframework-4.8.1,to test,Distinct certificates; snapshot time <= expiry <= snapshot time plus 12 calendar months,
Owner row opens chains,CertGetCertificateChain,https://learn.microsoft.com/en-us/windows/win32/api/wincrypt/nf-wincrypt-certgetcertificatechain,to test,After enumeration and chain gates; unmatched owners stay visible,
Key algorithm,PublicKey.Oid,https://learn.microsoft.com/en-us/dotnet/api/system.security.cryptography.x509certificates.publickey?view=netframework-4.8.1,documented,Friendly name and full OID; Windows extraction to test,
Key size (bits),AsymmetricAlgorithm.KeySize / CERT_PUBLIC_KEY_INFO,https://learn.microsoft.com/en-us/dotnet/api/system.security.cryptography.asymmetricalgorithm.keysize?view=netframework-4.8.1,to test,Exact RSA modulus bit length; EC/DSA public KeySize; unavailable stays visible,https://www.rfc-editor.org/rfc/rfc3279
Signature algorithm,X509Certificate2.SignatureAlgorithm,https://learn.microsoft.com/en-us/dotnet/api/system.security.cryptography.x509certificates.x509certificate2.signaturealgorithm?view=netframework-4.8.1,documented,Friendly name and OID; distinct from subject public-key algorithm; Windows execution to test,
SPKI SHA-256,CERT_PUBLIC_KEY_INFO / SHA256.ComputeHash,https://learn.microsoft.com/en-us/windows/win32/api/wincrypt/ns-wincrypt-cert_public_key_info,to test,Hash full original DER SubjectPublicKeyInfo including algorithm and parameters; not raw key bits,https://www.rfc-editor.org/rfc/rfc3279
Weak tier,No Microsoft term for this local rule; PublicKey and SignatureAlgorithm are the data basis,https://learn.microsoft.com/en-us/dotnet/api/system.security.cryptography.x509certificates.x509certificate2.signaturealgorithm?view=netframework-4.8.1,to test,User rule: RSA under 2048 OR MD5 or SHA-1 certificate signature; list every reason; incomplete stays visible,
RSA-PSS signature digest,CRYPT_RSA_SSA_PSS_PARAMETERS.HashAlgorithm,https://learn.microsoft.com/en-us/windows/win32/api/wincrypt/ns-wincrypt-crypt_rsa_ssa_pss_parameters,to test,Decode signature parameters; valid omitted hash uses SHA-1 default; missing parameters are unknown,https://www.rfc-editor.org/rfc/rfc4055
SHA-1 collision,SHA1.ComputeHash / SHA256.ComputeHash; local comparison rule,https://learn.microsoft.com/en-us/dotnet/api/system.security.cryptography.hashalgorithm.computehash?view=netframework-4.8.1,to test,Same certificate SHA-1 and different certificate SHA-256 anywhere in snapshot; red cell; preserve each DER,
Key reuse,CERT_INFO.Subject / CERT_PUBLIC_KEY_INFO; local comparison rule,https://learn.microsoft.com/en-us/windows/win32/api/wincrypt/ns-wincrypt-cert_info,to test,Same SPKI SHA-256 under distinct full Subject DN strings; observation not a compromise verdict,
Signal colors and peer evidence,ListView.OwnerDraw / DrawSubItem,https://learn.microsoft.com/en-us/dotnet/api/system.windows.forms.listview.drawsubitem?view=netframework-4.8.1,to test,Collision red persists under selection; all signals carry text and matching certificate evidence,
Issuer tab,TabControl / TabPage.Text,https://learn.microsoft.com/en-us/dotnet/api/system.windows.forms.tabcontrol?view=netframework-4.8.1,documented,Native tab label Issuer 🏛️; glyph display and Windows layout to test,
Issuer tab recorded name,X509Certificate2.Issuer,https://learn.microsoft.com/en-us/dotnet/api/system.security.cryptography.x509certificates.x509certificate2.issuer?view=netframework-4.8.1,documented,Recorded issuer name; not verified issuer certificate or a chain link; Windows execution to test,
Copy SPKI SHA-256,Clipboard.SetText,https://learn.microsoft.com/en-us/dotnet/api/system.windows.forms.clipboard.settext?view=netframework-4.8.1,documented,Separate full SPKI SHA-256 copy action; does not touch a store; Windows execution to test,
Metadata and signal verification,X509Certificate2 / CERT_PUBLIC_KEY_INFO,https://learn.microsoft.com/en-us/windows/win32/api/wincrypt/ns-wincrypt-cert_public_key_info,to test,Public fixture vectors plus synthetic grouping checks; actual C# execution on Windows required,
Durable activity journal,FileStream.Flush(Boolean) / DataContractJsonSerializer,https://learn.microsoft.com/en-us/dotnet/api/system.io.filestream.flush,to test,Append UTC event/session/scan IDs immediately; preserve across restart; storage failures visible; application observations only,
Public-certificate retention,X509Certificate2.RawData / SHA256.ComputeHash,https://learn.microsoft.com/en-us/dotnet/api/system.security.cryptography.x509certificates.x509certificate2.rawdata,to test,Preserve original public DER as observed; compare full bytes; never overwrite conflicting objects; no private-key export,
Immutable inventory history,DataContractJsonSerializer / HashAlgorithm.ComputeHash,https://learn.microsoft.com/en-us/dotnet/api/system.runtime.serialization.json.datacontractjsonserializer,to test,"Deduplicate identical inventory contents; each scan journal references its inventory; preserve metadata, locations, occurrences and failures",
Successful-source membership comparisons,CertEnumCertificatesInStore / CERT_STORE_READONLY_FLAG,https://learn.microsoft.com/en-us/windows/win32/api/wincrypt/nf-wincrypt-certenumcertificatesinstore,to test,Compare each successfully read source to its last successful baseline; denied/canceled/missing sources never become inferred removals,
Restart recovery and archive integrity,FileShare.None / DataContractJsonSerializer / SHA256,https://learn.microsoft.com/en-us/dotnet/api/system.io.fileshare,to test,Single writer; flushed temporary objects; commit references recover baselines; malformed records and corrupt objects remain evidence; hashes are not authentication,
Dated paginated certificate history,ComboBox / Button / TextBox,https://learn.microsoft.com/en-us/dotnet/api/system.windows.forms.combobox,to test,"UTC journal date selection and 500-event display pages; full retained records remain accessible; selected-certificate SHA-256 filter; D020: also filter exact reported SHA-1 references, retaining ambiguity",
Complete CCADB catalog version archive,No Microsoft term for CCADB; SHA256 data identity basis,https://learn.microsoft.com/en-us/dotnet/api/system.security.cryptography.sha256,to test,"Retain every record in each complete source version, including missing metadata/expired records; validate counts/schema/pagination; 10000 is no cap; no consumer subset",https://www.ccadb.org/resources
Year comparisons and historical evidence,DateTimeOffset / CERT_INFO,https://learn.microsoft.com/en-us/dotnet/api/system.datetimeoffset,to test,"Compare 2025/2026 and later by preserved observations/releases; distinguish not-before, release, source-list, fetch and observation dates; keep historical trust evidence separate",https://github.com/mozilla/CCADB-Tools/blob/master/API_AllCertificateRecords/README.md
Supplemental software-release certificate catalog,X509Certificate2 / CERT_INFO data basis,https://learn.microsoft.com/en-us/windows/win32/api/wincrypt/ns-wincrypt-cert_info,to test,"Add observed software/version/build/channel/bundle provenance to the full CA baseline; distinguish shipped bundles, local stores, file signers and network-observed certificates",
Continual scan collection while running,System.Windows.Forms.Timer / Tick,https://learn.microsoft.com/en-us/dotnet/api/system.windows.forms.timer,to test,"First launch, manual refresh and non-overlapping 60-second scans feed archive; preserve selection; stopped/inaccessible/between-scan coverage remains explicit",
Observed application inventory,Process.GetProcesses / Process.ProcessName / Process.MainModule / Process.StartTime,https://learn.microsoft.com/en-us/dotnet/api/system.diagnostics.process.getprocesses,to test,"Process ID, name, executable path, start/observation UTC and access errors; running-process observations retained, not an installed-software inventory.",
Process lifetime event attribution,Process.StartTime / EVENT_HEADER.ProcessId / ThreadId,https://learn.microsoft.com/en-us/dotnet/api/system.diagnostics.process.starttime,to test,PID plus observed start time; associate only events inside an observed lifetime. System.Execution identifies the CAPI2 emitter; broker clients remain unresolved.,
CAPI2 retained-log replay and live collection,EventLogWatcher / EventLogQuery,https://learn.microsoft.com/en-us/dotnet/api/system.diagnostics.eventing.reader.eventlogwatcher,to test,"Replay available Microsoft-Windows-CAPI2/Operational records and follow new events while open; channel, privilege, retention and provider coverage require Windows testing.",https://learn.microsoft.com/en-us/troubleshoot/windows-server/certificates-and-public-key-infrastructure-pki/microsoft-trusted-root-store-removal-of-us-federal-common-policy
Original CAPI2 evidence retention,EventRecord.ToXml / DataContractJsonSerializer,https://learn.microsoft.com/en-us/dotnet/api/system.diagnostics.eventing.reader.eventrecord.toxml,to test,"Persist original XML and source fields before advancing bookmark; preserve unparsed payloads, interpretation errors and evidence SHA-256. Storage failures remain visible.",
Explicit certificate-reference matching,CERT_CONTEXT.pbCertEncoded / SHA1 / SHA256,https://learn.microsoft.com/en-us/windows/win32/api/wincrypt/ns-wincrypt-cert_context,to test,Only explicit Certificate/Cert hash and strict fileRef fields are candidate lookup keys; field mapping to test. Retain all SHA-1 collision candidates; no name/incidental-hex matches or parent inference.,
Durable CAPI2 replay checkpoint,EventBookmark / EventLogWatcher,https://learn.microsoft.com/en-us/dotnet/api/system.diagnostics.eventing.reader.eventbookmark,to test,Atomic app-local checkpoint after durable evidence commit; delivery/write gaps hold cursor before gap. Invalid/stale bookmark replay remains visible. Windows log overwrite cannot be recovered.,
Explicit CAPI2 diagnostic-log enable action,EventLogConfiguration.IsEnabled / SaveChanges,https://learn.microsoft.com/en-us/dotnet/api/system.diagnostics.eventing.reader.eventlogconfiguration.isenabled,to test,"Only explicit Live menu action enables the Windows diagnostic channel; no certificate store write, log clearing, resizing, policy bypass or automatic elevation.",https://learn.microsoft.com/en-us/dotnet/api/system.diagnostics.eventing.reader.eventlogconfiguration.savechanges
DER issuer and subject country/organization attributes,X509Certificate2.IssuerName / SubjectName / X500DistinguishedName.RawData,https://learn.microsoft.com/en-us/dotnet/api/system.security.cryptography.x509certificates.x500distinguishedname.rawdata,to test,"Read exact 2.5.4.6 (C) and 2.5.4.10 (O) attributes from original DER names. Multiple/conflicting values and decoding errors stay unresolved; issuer O is a declaration, not validated ownership.",
Country and area reference catalog,No Microsoft country taxonomy; TreeView and DataContractJsonSerializer provide presentation/codec,https://learn.microsoft.com/en-us/dotnet/api/system.windows.forms.treeview,to test,"248 retrieved UN M49 country/area rows with ISO-alpha2, alpha3, M49, name, region, source and date. UN list is not all ISO territories/disputed entities; unmapped codes remain visible.",https://unstats.un.org/unsd/methodology/m49/overview/
Sourced positive monarchy seed,No Microsoft constitutional classification; TreeView presentation,https://learn.microsoft.com/en-us/dotnet/api/system.windows.forms.treeview,to test,"43 sourced positive classifications; remaining 205 rows explicitly unknown, including unclassified territories. Crown follows declared grouping-country basis; editable overrides retain source/date. Not a complete political-control table.",https://www.coronationroll.gov.uk/further_info/flags-realms/ ; https://thecrownsociety.org/other-reigning-monarchies ; per-row government sources in data/countries.json
Versioned issuer and corporation labels,DataContractJsonSerializer / HashAlgorithm.ComputeHash,https://learn.microsoft.com/en-us/dotnet/api/system.runtime.serialization.json.datacontractjsonserializer,to test,"Certificate-identity owner, corporation/group, owner country, tags, source and date; immutable versions retained in app history. Current labels explicitly differ from original event attribution.",
Retained requested-policy labels,No Microsoft term for requested label; DataContractJsonSerializer,https://learn.microsoft.com/en-us/dotnet/api/system.runtime.serialization.json.datacontractjsonserializer,to test,"Enabled/Blocked/Unassigned category branches use retained local labels only. Effective Windows trust, actual use and enforcement remain separate and not evaluated by these labels.",
Application and live activity grids,ListView / ColumnClick / TabControl / EventRecord,https://learn.microsoft.com/en-us/dotnet/api/system.windows.forms.listview,to test,"Applications: Process name, Process ID, Start time, Executable path, Access status. Activity: TimeCreated, Process ID, Thread ID, Provider/source, Event ID/opcode, Operation, Result, Certificate references. Native sortable views; original 12 certificate headers unchanged.",https://learn.microsoft.com/en-us/dotnet/api/system.diagnostics.eventing.reader.eventrecord
Application-to-issuer evidence relationships,TreeView / CERT_INFO.Subject / Issuer / EVENT_HEADER,https://learn.microsoft.com/en-us/dotnet/api/system.windows.forms.treeview,to test,Source event -> emitter/lifetime -> explicit lookup references -> inventory matches -> declared issuer/local owner/country/tags. These metadata associations do not claim a returned certificate chain or political causation.,https://learn.microsoft.com/en-us/windows/win32/api/evntcons/ns-evntcons-event_header
Owned ETW syscall session,StartTraceW / ControlTraceW / EVENT_TRACE_FLAG_SYSTEMCALL,https://learn.microsoft.com/en-us/windows/win32/api/evntrace/nf-evntrace-starttracew,to test,"Explicit capture action creates a unique dedicated SYSTEM_LOGGER, never the shared NT Kernel Logger. 64-bit ABI checked; privileges/access failures visible; stop controls only the returned owned handle.",https://learn.microsoft.com/en-us/windows/win32/etw/nt-kernel-logger-constants
Original sequential syscall ETL retention,EVENT_TRACE_PROPERTIES / EVENT_TRACE_FILE_MODE_SEQUENTIAL,https://learn.microsoft.com/en-us/windows/win32/api/evntrace/ns-evntrace-event_trace_properties,to test,"Unique original ETL per explicit capture, 512 MB ceiling; no circular overwrite or private certificate-key capture. Final file SHA-256/bytes and counters journaled; continuous rotation not yet implemented.",https://learn.microsoft.com/en-us/windows/win32/etw/logging-mode-constants
SysCallEnter and SysCallExit decoding,SysCallEnter.SysCallAddress / SysCallExit.SysCallNtStatus / EVENT_RECORD,https://learn.microsoft.com/en-us/windows/win32/etw/syscallenter,to test,"Retain raw pointer/NTSTATUS, opcode, version, provider, timestamp, process/thread and payload. Symbols unresolved; no guessed enter/exit pairing or certificate purpose. Layout/schema to test.",https://learn.microsoft.com/en-us/windows/win32/etw/syscallexit
Separate ETW loss and display-omission counters,EVENT_TRACE_PROPERTIES.EventsLost / LogBuffersLost / RealTimeBuffersLost,https://learn.microsoft.com/en-us/windows/win32/api/evntrace/ns-evntrace-event_trace_properties,to test,"Distinguish source ETW event/buffer loss, decode errors, 500/sec syscall live display examples, 2000 pending rows and 5000 recent view rows. Display limits do not trim original retained ETLs/XML.",
Retained CAPI2 payload pages,ComboBox / ListView / EventRecord.ToXml,https://learn.microsoft.com/en-us/dotnet/api/system.windows.forms.combobox,to test,"Date selection and 500-record pages through all retained CAPI2 evidence, with original source XML/actor fields and integrity-checked object reads. Unreadable objects produce visible error rows.",
Retained syscall ETL pages,OpenTraceW / ProcessTrace / EVENT_RECORD,https://learn.microsoft.com/en-us/windows/win32/api/evntrace/nf-evntrace-processtrace,to test,Read original ETLs in 500 matching-event pages without live display sampling. Separate enter/exit rows and native loss counters; Windows ETL reopening/coverage to test.,https://learn.microsoft.com/en-us/windows/win32/api/evntrace/nf-evntrace-opentracew
Application executable hash and embedded signer,X509Certificate.CreateFromSignedFile / GetRawCertData / SHA256.ComputeHash,https://learn.microsoft.com/en-us/dotnet/api/system.security.cryptography.x509certificates.x509certificate.createfromsignedfile,to test,"Explicit selected-process action checks current lifetime/path, holds read-only file handle, hashes exact file and extracts public signer DER. Retained evidence; Authenticode trust, catalog signatures and chain evaluation remain not evaluated.",
Collector lifecycle and owned-session cleanup,EventLogWatcher.Dispose / ControlTraceW / CloseTrace,https://learn.microsoft.com/en-us/windows/win32/api/evntrace/nf-evntrace-closetrace,to test,"Serialize CAPI2 lifecycle; dispose collectors before history writer, hold previous ETW worker identity, and stop only owned sessions. Normal close/process exit prepared; forced-kill recovery and Windows stress tests pending.",https://learn.microsoft.com/en-us/dotnet/api/system.diagnostics.eventing.reader.eventlogwatcher
Retained country catalog provenance,DataContractJsonSerializer / SHA256,https://learn.microsoft.com/en-us/dotnet/api/system.runtime.serialization.json.datacontractjsonserializer,to test,Retain package country catalog contents and per-row classification sources/dates in immutable evidence objects; later labels cannot erase earlier observed catalog versions.,https://unstats.un.org/unsd/methodology/m49/overview/
Continual syscall capture rotation,EVENT_TRACE_PROPERTIES.MaximumFileSize / ControlTraceW,https://learn.microsoft.com/en-us/windows/win32/api/evntrace/ns-evntrace-event_trace_properties,to test,"Required continuation: retain every completed ETL and implement explicit, logged rotation/handoff before the sequential ceiling. Current source uses user-started sessions and visible Stop/restart; no always-on service or gapless claim.",
Archive handle confinement,CreateFileW / GetFileInformationByHandle / GetFinalPathNameByHandleW,https://learn.microsoft.com/en-us/windows/win32/api/fileapi/nf-fileapi-createfilew,to test,"Pin every local directory without delete sharing; reject reparse points, hardlinks and mismatched final paths before archive reads/writes. Owned link fixtures pass on both Windows runners.",https://learn.microsoft.com/en-us/windows/win32/api/fileapi/nf-fileapi-getfileinformationbyhandle
Archive allocation budgets,FileStream.Length / StreamReader.Read,https://learn.microsoft.com/en-us/dotnet/api/system.io.filestream.length,to test,"Bound bytes before allocating objects; scan oversized journal rows without retaining their full text. Preserve a visible size-limit marker and original disk bytes. Budgets are bytes, not a 10000-certificate count cutoff.",
Retained evidence schema validation,DataContractJsonSerializer.ReadObject,https://learn.microsoft.com/en-us/dotnet/api/system.runtime.serialization.json.datacontractjsonserializer.readobject,to test,Reject null/malformed certificate references in hash-valid retained activity. Preserve visible error rows; hash integrity is not a signature or authentication boundary.,
Bounded Framework bookmark transport,EventBookmark / ISerializable / DataContractSerializer,https://learn.microsoft.com/en-us/dotnet/api/system.diagnostics.eventing.reader.eventbookmark,to test,"Fixed bookmark type, XML DTD prohibition, 64 KiB size and 32 graph-item budget. Real bookmark round-trip/resume and invalid fallback tested; no BinaryFormatter/reflection construction.",https://learn.microsoft.com/en-us/dotnet/framework/wcf/feature-details/types-supported-by-the-data-contract-serializer
Real Windows verification,Windows Forms / EventLogWatcher / StartTraceW,https://learn.microsoft.com/en-us/dotnet/api/system.windows.forms.form,to test,"Compile and operate the native GUI, native store inventory, real CAPI2 fixture references, owned ETW sessions and unsampled original ETL pages on Windows Server x64 and Windows 11 Enterprise ARM64; Home/Pro remains pending.",https://learn.microsoft.com/en-us/windows/win32/api/evntrace/nf-evntrace-starttracew
Continuing journal group sync,FileStream.Flush(Boolean) / Timer,https://learn.microsoft.com/en-us/dotnet/api/system.io.filestream.flush,to test,"Every ordinary observation reaches the OS immediately; dirty journals sync on the next one-second timer tick under normal scheduling, and at commit/close. CAPI2/label/scan commits flush synchronously before returning. Scheduling/power-loss stress remains pending.",https://learn.microsoft.com/en-us/dotnet/api/system.threading.timer
Explicit system Event Viewer launch,ProcessStartInfo.FileName / UseShellExecute,https://learn.microsoft.com/en-us/dotnet/api/system.diagnostics.processstartinfo.useshellexecute,to test,Open Event Viewer through the absolute SystemDirectory mmc.exe path with an absolute console path and shell execution disabled; avoid current-directory executable search and per-user .msc associations.,https://learn.microsoft.com/en-us/dotnet/api/system.environment.systemdirectory
Screen 1 default store tree,CertEnumSystemStoreLocation / CertEnumSystemStore / CertEnumPhysicalStore,https://learn.microsoft.com/en-us/windows/win32/api/wincrypt/nf-wincrypt-certenumphysicalstore,documented,Default view is native location > system > physical; custom Screen 1 rendering and user-PC acceptance to test,
Short CN/O labels and country code,CERT_RDN_ATTR / X509Certificate2.SubjectName / IssuerName,https://learn.microsoft.com/en-us/windows/win32/api/wincrypt/ns-wincrypt-cert_rdn_attr,to test,"Decode DER commonName 2.5.4.3, organizationName 2.5.4.10 and countryName 2.5.4.6; CN then O; full DNs stay in Details",
Physical-store counts including zero,CertEnumCertificatesInStore,https://learn.microsoft.com/en-us/windows/win32/api/wincrypt/nf-wincrypt-certenumcertificatesinstore,to test,Observed counts only; failed reads mark observed partial count; no fabricated totals,
Absent documented store references,System Store Locations / predefined physical stores,https://learn.microsoft.com/en-us/windows/win32/seccrypto/system-store-locations,to test,Grey documentation references have a separate type and are excluded from observed stores and certificate counts; incomplete enumeration is not absence,
Find without changing store branches,TextBox.TextChanged / ListView,https://learn.microsoft.com/en-us/dotnet/api/system.windows.forms.textbox.textchanged,to test,Filter certificate rows without removing or inventing native paths,
Clickable store-error count,LinkLabel.LinkClicked / GetLastError,https://learn.microsoft.com/en-us/dotnet/api/system.windows.forms.linklabel.linkclicked,to test,Exact observed source path and original Windows error preserved in Store/Error dialog,
Optional recording switches off by default,MenuItem.Checked / Timer.Enabled,https://learn.microsoft.com/en-us/dotnet/api/system.windows.forms.menuitem.checked,to test,"Journal, archive, 60-second scan, CAPI2 and ETW capture default off every launch; no archive directory created by default",
Journal without public-certificate archive,FileStream / Flush,https://learn.microsoft.com/en-us/dotnet/api/system.io.filestream.flush,to test,Explicit Journal logs observations; Archive separately enables public DER/inventory retention and requires Journal; changes between scans with collectors stopped,
Screen 1 acceptance on user PC,CertEnumPhysicalStore / TreeView,https://learn.microsoft.com/en-us/windows/win32/api/wincrypt/nf-wincrypt-certenumphysicalstore,to test,Acceptance screenshot must come from user PC with LOCAL_MACHINE Root expanded and FNMT in Find; hosted screenshots never satisfy this gate,
Optional TLS and incident window,Form / TreeView,https://learn.microsoft.com/en-us/dotnet/api/system.windows.forms.form,to test,Off at startup; manual open preserves Screen 1; no network or history created merely by opening,
Bounded incident source catalog,DataContractJsonSerializer,https://learn.microsoft.com/en-us/dotnet/api/system.runtime.serialization.json.datacontractjsonserializer,to test,Versioned local JSON; byte/graph/field limits; source/date/tag required; invalid feed remains unavailable,https://blog.google/security/chromes-response-to-recent-cctld-registry-hijacks/
Certificate incident hash lookup,SHA256 / StringComparison.Ordinal,https://learn.microsoft.com/en-us/dotnet/api/system.security.cryptography.sha256,to test,Exact full-certificate SHA-256 keys; misses visible; namespace context and SPKI never substitute for a certificate identity,https://blog.google/security/chromes-response-to-recent-cctld-registry-hijacks/
Manual validated TLS observation,SslStream.AuthenticateAsClient / RemoteCertificateValidationCallback,https://learn.microsoft.com/en-us/dotnet/api/system.net.security.sslstream.authenticateasclient?view=netframework-4.8.1,to test,Manual host:443 connection; OS protocols; requested revocation check; reject certificate errors; shared timeout and cancellation; no HTTP request or client certificate,
TLS chain and revocation evidence,X509ChainElement.ChainElementStatus / X509ChainStatusFlags,https://learn.microsoft.com/en-us/dotnet/api/system.security.cryptography.x509certificates.x509chainstatusflags?view=netframework-4.8.1,to test,Preserve returned chain elements; distinguish revoked and unknown/offline; no-error flags do not establish fresh online status,
Browser report versus local TLS result,SslPolicyErrors,https://learn.microsoft.com/en-us/dotnet/api/system.net.security.sslpolicyerrors,to test,Microsoft term describes Windows comparison only; Chrome CRLSets have no Microsoft equivalent; dated vendor report does not establish local Chrome/LibreWolf/Edge decisions,https://blog.google/security/chromes-response-to-recent-cctld-registry-hijacks/
Manual TLS append-only history,FileStream.Flush(Boolean),https://learn.microsoft.com/en-us/dotnet/api/system.io.filestream.flush,to test,Explicit Journal appends time/hash/outcome; Archive additionally retains public peer DER and returned chain evidence; both default off,
