function_id,function,phase,state,microsoft_term,learn_url,tag,verification,external_source,decision_origin,layout_dependency
F001,Location enumeration,read-only explorer,source prepared; Windows to test,CertEnumSystemStoreLocation,https://learn.microsoft.com/en-us/windows/win32/api/wincrypt/nf-wincrypt-certenumsystemstorelocation,documented,Implemented source; Windows execution to test,,"existing source register, retained 2026-10-06",preserve across visual variants
F002,System store enumeration,read-only explorer,source prepared; Windows to test,CertEnumSystemStore,https://learn.microsoft.com/en-us/windows/win32/api/wincrypt/nf-wincrypt-certenumsystemstore,documented,Implemented source; Windows execution to test,,"existing source register, retained 2026-10-06",preserve across visual variants
F003,Physical store enumeration,read-only explorer,source prepared; Windows to test,CertEnumPhysicalStore,https://learn.microsoft.com/en-us/windows/win32/api/wincrypt/nf-wincrypt-certenumphysicalstore,documented,Implemented source; Windows execution to test,,"existing source register, retained 2026-10-06",preserve across visual variants
F004,Registered and predefined physical siblings,read-only explorer,source prepared; Windows to test,CERT_PHYSICAL_STORE_PREDEFINED_ENUM_FLAG,https://learn.microsoft.com/en-us/windows/win32/api/wincrypt/nc-wincrypt-pfn_cert_enum_physical_store,documented,Implemented source; Windows execution to test,,"existing source register, retained 2026-10-06",preserve across visual variants
F005,Physical store metadata,read-only explorer,source prepared; Windows to test,CERT_PHYSICAL_STORE_INFO,https://learn.microsoft.com/en-us/windows/win32/api/wincrypt/ns-wincrypt-cert_physical_store_info,documented,Implemented source; Windows execution to test,,"existing source register, retained 2026-10-06",preserve across visual variants
F006,System store collection,read-only explorer,source prepared; Windows to test,System Store Locations,https://learn.microsoft.com/en-us/windows/win32/seccrypto/system-store-locations,documented,Implemented source; Windows execution to test,,"existing source register, retained 2026-10-06",preserve across visual variants
F007,Location registry paths,read-only explorer,source prepared; Windows to test,System Store Locations,https://learn.microsoft.com/en-us/windows/win32/seccrypto/system-store-locations,documented,Implemented source; Windows execution to test,,"existing source register, retained 2026-10-06",preserve across visual variants
F008,Policy locations,read-only explorer,source prepared; Windows to test,CERT_SYSTEM_STORE_CURRENT_USER_GROUP_POLICY / CERT_SYSTEM_STORE_LOCAL_MACHINE_GROUP_POLICY,https://learn.microsoft.com/en-us/windows/win32/seccrypto/system-store-locations,documented,Implemented source; Windows execution to test,,"existing source register, retained 2026-10-06",preserve across visual variants
F009,Services and user scopes,read-only explorer,source prepared; Windows to test,CERT_SYSTEM_STORE_CURRENT_SERVICE / CERT_SYSTEM_STORE_SERVICES / CERT_SYSTEM_STORE_USERS,https://learn.microsoft.com/en-us/windows/win32/seccrypto/system-store-locations,documented,Implemented source; Windows execution to test,,"existing source register, retained 2026-10-06",preserve across visual variants
F010,Enterprise cache registry mapping,after enumeration gate,planned; to test,CERT_SYSTEM_STORE_LOCAL_MACHINE_ENTERPRISE,https://learn.microsoft.com/en-us/windows/win32/seccrypto/system-store-locations,to test,Do not invent exact cache paths,,"existing source register, retained 2026-10-06",preserve across visual variants
F011,Read-only existing-store opens,read-only explorer,source prepared; Windows to test,CERT_STORE_READONLY_FLAG / CERT_STORE_OPEN_EXISTING_FLAG,https://learn.microsoft.com/en-us/windows/win32/api/wincrypt/nf-wincrypt-certopenstore,documented,Implemented source; Windows execution to test,,"existing source register, retained 2026-10-06",preserve across visual variants
F012,Archived certificates,read-only explorer,source prepared; Windows to test,CERT_STORE_ENUM_ARCHIVED_FLAG,https://learn.microsoft.com/en-us/windows/win32/api/wincrypt/nf-wincrypt-certopenstore,documented,Implemented source; Windows execution to test,,"existing source register, retained 2026-10-06",preserve across visual variants
F013,Logical collection reads,read-only explorer,source prepared; Windows to test,CERT_STORE_PROV_SYSTEM_W,https://learn.microsoft.com/en-us/windows/win32/api/wincrypt/nf-wincrypt-certopenstore,documented,Implemented source; Windows execution to test,,"existing source register, retained 2026-10-06",preserve across visual variants
F014,Physical sibling reads,read-only explorer,source prepared; Windows to test,CERT_STORE_PROV_PHYSICAL_W,https://learn.microsoft.com/en-us/windows/win32/api/wincrypt/nf-wincrypt-certopenstore,documented,Implemented source; Windows execution to test,,"existing source register, retained 2026-10-06",preserve across visual variants
F015,Certificate enumeration,read-only explorer,source prepared; Windows to test,CertEnumCertificatesInStore,https://learn.microsoft.com/en-us/windows/win32/api/wincrypt/nf-wincrypt-certenumcertificatesinstore,documented,Implemented source; Windows execution to test,,"existing source register, retained 2026-10-06",preserve across visual variants
F016,Certificate context bytes,read-only explorer,source prepared; Windows to test,CERT_CONTEXT,https://learn.microsoft.com/en-us/windows/win32/api/wincrypt/ns-wincrypt-cert_context,documented,Implemented source; Windows execution to test,,"existing source register, retained 2026-10-06",preserve across visual variants
F017,Found in,read-only explorer,source prepared; Windows to test,CertEnumPhysicalStore / CertEnumCertificatesInStore,https://learn.microsoft.com/en-us/windows/win32/api/wincrypt/nf-wincrypt-certenumphysicalstore,to test,"User-requested derived column; observed occurrences, not a native certificate property",,"existing source register, retained 2026-10-06",preserve across visual variants
F018,Subject,read-only explorer,source prepared; Windows to test,X509Certificate2.Subject,https://learn.microsoft.com/en-us/dotnet/api/system.security.cryptography.x509certificates.x509certificate2.subject?view=netframework-4.8.1,documented,Implemented source; Windows execution to test,,"existing source register, retained 2026-10-06",preserve across visual variants
F019,Issuer,read-only explorer,source prepared; Windows to test,X509Certificate2.Issuer,https://learn.microsoft.com/en-us/dotnet/api/system.security.cryptography.x509certificates.x509certificate2.issuer?view=netframework-4.8.1,documented,Implemented source; Windows execution to test,,"existing source register, retained 2026-10-06",preserve across visual variants
F020,Not before,read-only explorer,source prepared; Windows to test,X509Certificate2.NotBefore,https://learn.microsoft.com/en-us/dotnet/api/system.security.cryptography.x509certificates.x509certificate2.notbefore?view=netframework-4.8.1,documented,Implemented source; Windows execution to test,,"existing source register, retained 2026-10-06",preserve across visual variants
F021,Not after,read-only explorer,source prepared; Windows to test,X509Certificate2.NotAfter,https://learn.microsoft.com/en-us/dotnet/api/system.security.cryptography.x509certificates.x509certificate2.notafter?view=netframework-4.8.1,documented,Implemented source; Windows execution to test,,"existing source register, retained 2026-10-06",preserve across visual variants
F022,Thumbprint (SHA-1),read-only explorer,source prepared; Windows to test,X509Certificate2.Thumbprint,https://learn.microsoft.com/en-us/dotnet/api/system.security.cryptography.x509certificates.x509certificate2.thumbprint?view=netframework-4.8.1,documented,Implemented source; Windows execution to test,,"existing source register, retained 2026-10-06",preserve across visual variants
F023,SHA-1 of DER,read-only explorer,source prepared; Windows to test,SHA1.ComputeHash,https://learn.microsoft.com/en-us/dotnet/api/system.security.cryptography.hashalgorithm.computehash?view=netframework-4.8.1,documented,Implemented source; Windows execution to test,,"existing source register, retained 2026-10-06",preserve across visual variants
F024,SHA-256 of DER,read-only explorer,source prepared; Windows to test,SHA256.ComputeHash,https://learn.microsoft.com/en-us/dotnet/api/system.security.cryptography.sha256?view=netframework-4.8.1,documented,Implemented source; Windows execution to test,,"existing source register, retained 2026-10-06",preserve across visual variants
F025,Duplicate identity and full occurrence preservation,read-only explorer,source prepared; Windows to test,CERT_CONTEXT.pbCertEncoded,https://learn.microsoft.com/en-us/windows/win32/api/wincrypt/ns-wincrypt-cert_context,to test,Application compares full DER after hash indexing; not a Microsoft-defined aggregate,,"existing source register, retained 2026-10-06",preserve across visual variants
F026,Key Usage,read-only explorer,source prepared; Windows to test,X509KeyUsageExtension,https://learn.microsoft.com/en-us/dotnet/api/system.security.cryptography.x509certificates.x509keyusageextension?view=netframework-4.8.1,documented,Implemented source; Windows execution to test,,"existing source register, retained 2026-10-06",preserve across visual variants
F027,Enhanced Key Usage,read-only explorer,source prepared; Windows to test,CertGetEnhancedKeyUsage,https://learn.microsoft.com/en-us/windows/win32/api/wincrypt/nf-wincrypt-certgetenhancedkeyusage,documented,Implemented source; Windows execution to test,,"existing source register, retained 2026-10-06",preserve across visual variants
F028,Per-purpose chain-policy status,after enumeration gate,planned; to test,CertVerifyCertificateChainPolicy / CERT_CHAIN_POLICY_STATUS.dwError,https://learn.microsoft.com/en-us/windows/win32/api/wincrypt/nf-wincrypt-certverifycertificatechainpolicy,to test,After enumeration gate; not evaluated in v0.1 explorer,,"existing source register, retained 2026-10-06",preserve across visual variants
F029,Tree branches,read-only explorer,source prepared; Windows to test,TreeView.ShowLines / ShowRootLines / ShowPlusMinus,https://learn.microsoft.com/en-us/dotnet/api/system.windows.forms.treeview?view=netframework-4.8.1,documented,Implemented source; Windows execution to test,,"existing source register, retained 2026-10-06",preserve across visual variants
F030,Certificate list and sorting,read-only explorer,source prepared; Windows to test,ListView / ColumnClick,https://learn.microsoft.com/en-us/dotnet/api/system.windows.forms.listview?view=netframework-4.8.1,documented,Implemented source; Windows execution to test,,"existing source register, retained 2026-10-06",preserve across visual variants
F031,Resizable details pane,read-only explorer,source prepared; Windows to test,SplitContainer / TextBox.ReadOnly,https://learn.microsoft.com/en-us/dotnet/api/system.windows.forms.splitcontainer?view=netframework-4.8.1,documented,Implemented source; Windows execution to test,,"existing source register, retained 2026-10-06",preserve across visual variants
F032,Classic menu,read-only explorer,source prepared; Windows to test,MainMenu,https://learn.microsoft.com/en-us/dotnet/api/system.windows.forms.mainmenu?view=netframework-4.8.1,documented,Implemented source; Windows execution to test,,"existing source register, retained 2026-10-06",preserve across visual variants
F033,Copy hashes,read-only explorer,source prepared; Windows to test,Clipboard.SetText,https://learn.microsoft.com/en-us/dotnet/api/system.windows.forms.clipboard.settext?view=netframework-4.8.1,documented,Implemented source; Windows execution to test,,"existing source register, retained 2026-10-06",preserve across visual variants
F034,Persistent activity log,read-only explorer,native read + CAPI2 evidence source prepared; Windows to test,DateTime.UtcNow / CertEnumCertificatesInStore,https://learn.microsoft.com/en-us/windows/win32/api/wincrypt/nf-wincrypt-certenumcertificatesinstore,to test,Durable application read journal across scans and launches; OS-wide application observations remain a separate required function D020-D024: Supported app diagnostics now feed the continuing archive; universal crypto-stack and background coverage remain required.,,"existing source register, retained 2026-10-06; D020-D024; user requested continuing backend/GUI app, issuer and syscall work, 2026-10-06 PDT",preserve across visual variants
F035,Native errors,read-only explorer,source prepared; Windows to test,GetLastError / Win32Exception,https://learn.microsoft.com/en-us/windows/win32/api/errhandlingapi/nf-errhandlingapi-getlasterror,documented,Implemented source; Windows execution to test,,"existing source register, retained 2026-10-06",preserve across visual variants
F036,Store/context lifetime,read-only explorer,source prepared; Windows to test,CertCloseStore / CertFreeCertificateContext,https://learn.microsoft.com/en-us/windows/win32/api/wincrypt/nf-wincrypt-certclosestore,documented,Implemented source; Windows execution to test,,"existing source register, retained 2026-10-06",preserve across visual variants
F037,Snapshot refresh,read-only explorer,source prepared; Windows to test,CertEnumSystemStoreLocation,https://learn.microsoft.com/en-us/windows/win32/api/wincrypt/nf-wincrypt-certenumsystemstorelocation,to test,New scan; no live watcher,,"existing source register, retained 2026-10-06",preserve across visual variants
F038,Windows launcher,read-only explorer,source prepared; Windows to test,Add-Type,https://learn.microsoft.com/en-us/powershell/module/microsoft.powershell.utility/add-type?view=powershell-5.1,to test,Windows PowerShell launch and native compilation not run here,,"existing source register, retained 2026-10-06",preserve across visual variants
F039,Home and Pro enumeration gate,read-only explorer,source prepared; Windows to test,CertEnumSystemStoreLocation / CertEnumSystemStore / CertEnumPhysicalStore,https://learn.microsoft.com/en-us/windows/win32/api/wincrypt/nf-wincrypt-certenumsystemstorelocation,to test,Manual machine verification required,,"existing source register, retained 2026-10-06",preserve across visual variants
F040,Chain construction,after enumeration gate,planned; to test,CertGetCertificateChain,https://learn.microsoft.com/en-us/windows/win32/api/wincrypt/nf-wincrypt-certgetcertificatechain,to test,After enumeration gate; links only from Windows return data,,"existing source register, retained 2026-10-06",preserve across visual variants
F041,Multiple simple chains and contexts,after enumeration gate,planned; to test,CERT_CHAIN_CONTEXT.cChain / rgpChain / cLowerQualityChainContext,https://learn.microsoft.com/en-us/windows/win32/api/wincrypt/ns-wincrypt-cert_chain_context,to test,After enumeration gate; preserve returned context identity,,"existing source register, retained 2026-10-06",preserve across visual variants
F042,Chain element trust,after enumeration gate,planned; to test,CERT_CHAIN_ELEMENT.TrustStatus,https://learn.microsoft.com/en-us/windows/win32/api/wincrypt/ns-wincrypt-cert_chain_element,to test,After enumeration gate; do not infer a verdict from API success,,"existing source register, retained 2026-10-06",preserve across visual variants
F043,Chain cards and source labels,after enumeration gate,planned; to test,CERT_CHAIN_ELEMENT.pCertContext,https://learn.microsoft.com/en-us/windows/win32/api/wincrypt/ns-wincrypt-cert_chain_element,to test,User-requested presentation; issuer source from observed inventory matches,,"existing source register, retained 2026-10-06",preserve across visual variants
F044,Parent linkage,after enumeration gate,planned; to test,CertGetCertificateChain,https://learn.microsoft.com/en-us/windows/win32/api/wincrypt/nf-wincrypt-certgetcertificatechain,to test,Issuer/key identifiers find candidates; returned chain establishes displayed edges,,"existing source register, retained 2026-10-06",preserve across visual variants
F045,Read-only chain behavior,after enumeration gate,planned; to test,CERT_CHAIN_CACHE_ONLY_URL_RETRIEVAL / CERT_CHAIN_DISABLE_AUTH_ROOT_AUTO_UPDATE / CERT_CHAIN_DISABLE_AIA,https://learn.microsoft.com/en-us/windows/win32/api/wincrypt/nf-wincrypt-certgetcertificatechain,to test,After enumeration gate; verify cache and root-store side effects,,"existing source register, retained 2026-10-06",preserve across visual variants
F046,Trusted CTL,after enumeration gate,planned; to test,Trusted CTL / AuthRoot,https://learn.microsoft.com/en-us/windows-server/identity/ad-cs/configure-trusted-roots-disallowed-certificates,to test,Documented list; SHA-1 lookup and constraints must be verified,,"existing source register, retained 2026-10-06",preserve across visual variants
F047,Untrusted CTL,after enumeration gate,planned; to test,Untrusted CTL / Disallowed,https://learn.microsoft.com/en-us/windows-server/identity/ad-cs/configure-trusted-roots-disallowed-certificates,to test,Documented list; SHA-1 lookup and disallowed interpretation must be verified,,"existing source register, retained 2026-10-06",preserve across visual variants
F048,Hash strip hits misses and date,after enumeration gate,planned; to test,CTL_INFO,https://learn.microsoft.com/en-us/windows/win32/api/wincrypt/ns-wincrypt-ctl_info,to test,User-requested derived view; keep unloaded and miss distinct,,"existing source register, retained 2026-10-06",preserve across visual variants
F049,CCADB hash lookup and program status,after enumeration gate,planned; to test,No Microsoft term for CCADB fields; SHA256 is the underlying lookup,https://learn.microsoft.com/en-us/dotnet/api/system.security.cryptography.sha256?view=netframework-4.8.1,to test,External CA Owner / Microsoft status / Mozilla status; actual CSV version and headers to test,https://www.ccadb.org/resources,"existing source register, retained 2026-10-06",preserve across visual variants
F050,Local CSV lists,after enumeration gate,planned; to test,No Microsoft certificate term; user-defined local metadata,https://learn.microsoft.com/en-us/dotnet/api/system.windows.forms.listview?view=netframework-4.8.1,to test,"Requested fields: hash or CA owner, tag, source, date; after gate",,"existing source register, retained 2026-10-06",preserve across visual variants
F051,Geo from subject and issuer C=,after enumeration gate,DER C/O extraction + local owner-country mapping source prepared; to test,CertGetNameString / CERT_NAME_ATTR_TYPE,https://learn.microsoft.com/en-us/windows/win32/api/wincrypt/nf-wincrypt-certgetnamestringw,to test,Country attribute is certificate data; owner-country table is sourced external metadata D020-D024: Read original names by OID; recorded country and local owner mapping are separate fields. CSV/CCADB owner ingestion remains pending.,,"existing source register, retained 2026-10-06; D020-D024; user requested continuing backend/GUI app, issuer and syscall work, 2026-10-06 PDT",preserve across visual variants
F052,Alignment,after enumeration gate,planned; to test,No Microsoft certificate term; user-defined alignment,https://learn.microsoft.com/en-us/dotnet/api/system.windows.forms.listview?view=netframework-4.8.1,to test,Presentation API only; tag carries user source and date,,"existing source register, retained 2026-10-06",preserve across visual variants
F053,Flagged organizations,after enumeration gate,planned; to test,No Microsoft certificate term for a user flag; Untrusted CTL supplies documented distrust,https://learn.microsoft.com/en-us/windows-server/identity/ad-cs/configure-trusted-roots-disallowed-certificates,to test,Documented distrust and user flags stay separate,,"existing source register, retained 2026-10-06",preserve across visual variants
F054,Owner standings and country grouping,after enumeration gate,planned; to test,ListView.Groups / ColumnClick,https://learn.microsoft.com/en-us/dotnet/api/system.windows.forms.listview?view=netframework-4.8.1,to test,CA owner/country external; exact user-requested columns; no fabricated publisher status,https://www.ccadb.org/resources,"existing source register, retained 2026-10-06",preserve across visual variants
F055,Expiry within twelve months,after enumeration gate,planned; to test,X509Certificate2.NotAfter / DateTime.AddMonths,https://learn.microsoft.com/en-us/dotnet/api/system.datetime.addmonths?view=netframework-4.8.1,to test,Distinct certificates; snapshot time <= expiry <= snapshot time plus 12 calendar months,,"existing source register, retained 2026-10-06",preserve across visual variants
F056,Owner row opens chains,after enumeration gate,planned; to test,CertGetCertificateChain,https://learn.microsoft.com/en-us/windows/win32/api/wincrypt/nf-wincrypt-certgetcertificatechain,to test,After enumeration and chain gates; unmatched owners stay visible,,"existing source register, retained 2026-10-06",preserve across visual variants
F057,Key algorithm,read-only explorer,source prepared; Windows to test,PublicKey.Oid,https://learn.microsoft.com/en-us/dotnet/api/system.security.cryptography.x509certificates.publickey?view=netframework-4.8.1,documented,Friendly name and full OID; Windows extraction to test,,"existing source register, retained 2026-10-06",preserve across visual variants
F058,Key size (bits),read-only explorer,source prepared; Windows to test,AsymmetricAlgorithm.KeySize / CERT_PUBLIC_KEY_INFO,https://learn.microsoft.com/en-us/dotnet/api/system.security.cryptography.asymmetricalgorithm.keysize?view=netframework-4.8.1,to test,Exact RSA modulus bit length; EC/DSA public KeySize; unavailable stays visible,https://www.rfc-editor.org/rfc/rfc3279,"existing source register, retained 2026-10-06",preserve across visual variants
F059,Signature algorithm,read-only explorer,source prepared; Windows to test,X509Certificate2.SignatureAlgorithm,https://learn.microsoft.com/en-us/dotnet/api/system.security.cryptography.x509certificates.x509certificate2.signaturealgorithm?view=netframework-4.8.1,documented,Friendly name and OID; distinct from subject public-key algorithm; Windows execution to test,,"existing source register, retained 2026-10-06",preserve across visual variants
F060,SPKI SHA-256,read-only explorer,source prepared; Windows to test,CERT_PUBLIC_KEY_INFO / SHA256.ComputeHash,https://learn.microsoft.com/en-us/windows/win32/api/wincrypt/ns-wincrypt-cert_public_key_info,to test,Hash full original DER SubjectPublicKeyInfo including algorithm and parameters; not raw key bits,https://www.rfc-editor.org/rfc/rfc3279,"existing source register, retained 2026-10-06",preserve across visual variants
F061,Weak tier,read-only explorer,source prepared; Windows to test,No Microsoft term for this local rule; PublicKey and SignatureAlgorithm are the data basis,https://learn.microsoft.com/en-us/dotnet/api/system.security.cryptography.x509certificates.x509certificate2.signaturealgorithm?view=netframework-4.8.1,to test,User rule: RSA under 2048 OR MD5 or SHA-1 certificate signature; list every reason; incomplete stays visible,,"existing source register, retained 2026-10-06",preserve across visual variants
F062,RSA-PSS signature digest,read-only explorer,source prepared; Windows to test,CRYPT_RSA_SSA_PSS_PARAMETERS.HashAlgorithm,https://learn.microsoft.com/en-us/windows/win32/api/wincrypt/ns-wincrypt-crypt_rsa_ssa_pss_parameters,to test,Decode signature parameters; valid omitted hash uses SHA-1 default; missing parameters are unknown,https://www.rfc-editor.org/rfc/rfc4055,"existing source register, retained 2026-10-06",preserve across visual variants
F063,SHA-1 collision,read-only explorer,source prepared; Windows to test,SHA1.ComputeHash / SHA256.ComputeHash; local comparison rule,https://learn.microsoft.com/en-us/dotnet/api/system.security.cryptography.hashalgorithm.computehash?view=netframework-4.8.1,to test,Same certificate SHA-1 and different certificate SHA-256 anywhere in snapshot; red cell; preserve each DER,,"existing source register, retained 2026-10-06",preserve across visual variants
F064,Key reuse,read-only explorer,source prepared; Windows to test,CERT_INFO.Subject / CERT_PUBLIC_KEY_INFO; local comparison rule,https://learn.microsoft.com/en-us/windows/win32/api/wincrypt/ns-wincrypt-cert_info,to test,Same SPKI SHA-256 under distinct full Subject DN strings; observation not a compromise verdict,,"existing source register, retained 2026-10-06",preserve across visual variants
F065,Signal colors and peer evidence,read-only explorer,source prepared; Windows to test,ListView.OwnerDraw / DrawSubItem,https://learn.microsoft.com/en-us/dotnet/api/system.windows.forms.listview.drawsubitem?view=netframework-4.8.1,to test,Collision red persists under selection; all signals carry text and matching certificate evidence,,"existing source register, retained 2026-10-06",preserve across visual variants
F066,Issuer tab,read-only explorer,source prepared; Windows to test,TabControl / TabPage.Text,https://learn.microsoft.com/en-us/dotnet/api/system.windows.forms.tabcontrol?view=netframework-4.8.1,documented,Native tab label Issuer 🏛️; glyph display and Windows layout to test,,"existing source register, retained 2026-10-06",preserve across visual variants
F067,Issuer tab recorded name,read-only explorer,source prepared; Windows to test,X509Certificate2.Issuer,https://learn.microsoft.com/en-us/dotnet/api/system.security.cryptography.x509certificates.x509certificate2.issuer?view=netframework-4.8.1,documented,Recorded issuer name; not verified issuer certificate or a chain link; Windows execution to test,,"existing source register, retained 2026-10-06",preserve across visual variants
F068,Copy SPKI SHA-256,read-only explorer,source prepared; Windows to test,Clipboard.SetText,https://learn.microsoft.com/en-us/dotnet/api/system.windows.forms.clipboard.settext?view=netframework-4.8.1,documented,Separate full SPKI SHA-256 copy action; does not touch a store; Windows execution to test,,"existing source register, retained 2026-10-06",preserve across visual variants
F069,Metadata and signal verification,read-only explorer,verification harness prepared; Windows to test,X509Certificate2 / CERT_PUBLIC_KEY_INFO,https://learn.microsoft.com/en-us/windows/win32/api/wincrypt/ns-wincrypt-cert_public_key_info,to test,Public fixture vectors plus synthetic grouping checks; actual C# execution on Windows required,,"existing source register, retained 2026-10-06",preserve across visual variants
F070,Far-left issuer explorer,after enumeration gate,source prepared; Windows GUI to test,TreeView,https://learn.microsoft.com/en-us/dotnet/api/system.windows.forms.treeview?view=netframework-4.8.1,to test,Find issuer / Group by / Sort by live above the permanent far-left tree; selection drives all result panes D020-D024: Find issuer / Group by / Sort by above the permanent far-left native tree.,,"2026-10-06 D003; D020-D024; user requested continuing backend/GUI app, issuer and syscall work, 2026-10-06 PDT",functional requirement retained while visual emphasis is selected
F071,Issuer search,after enumeration gate,source prepared; Windows GUI to test,TextBox.TextChanged / TreeView.Nodes,https://learn.microsoft.com/en-us/dotnet/api/system.windows.forms.textbox?view=netframework-4.8.1,to test,"Search complete subject/issuer, mapped owner, country/code, tags, certificate hashes and SPKI hash; unresolved remains visible D020-D024: Search subject/issuer, local owner/corporation, country/name/code, tags, found-in and complete certificate/SPKI hashes; process branch also filters names.",,"2026-10-06 D004; D020-D024; user requested continuing backend/GUI app, issuer and syscall work, 2026-10-06 PDT",functional requirement retained while visual emphasis is selected
F072,Issuer tree sibling sorting,after enumeration gate,name/direction/count sort source prepared; remaining modes planned,TreeView.Sort / TreeViewNodeSorter,https://learn.microsoft.com/en-us/dotnet/api/system.windows.forms.treeview.sort?view=netframework-4.8.1,to test,"Name, country/code, tag, store, policy state or expiry with declared direction; keep chain order and real hierarchy D020-D024: Native path hierarchy preserved; expiry/policy/store-specific sibling sorting remains pending.",,"2026-10-06 D004; D020-D024; user requested continuing backend/GUI app, issuer and syscall work, 2026-10-06 PDT",functional requirement retained while visual emphasis is selected
F073,Issuer grouping modes,after enumeration gate,issuer/country/corporation/monarchy/tag/application modes source prepared; to test,TreeView.Nodes / ListView.Groups,https://learn.microsoft.com/en-us/dotnet/api/system.windows.forms.treeview?view=netframework-4.8.1,to test,"Left-side modes for Windows stores, issuer/owner, country and independent tags D020-D024: Virtual groups retain actual native store paths; no fabricated registry paths.",,"2026-10-06 D003; D020-D024; user requested continuing backend/GUI app, issuer and syscall work, 2026-10-06 PDT",functional requirement retained while visual emphasis is selected
F074,Virtual group identity preservation,after enumeration gate,source prepared; Windows GUI to test,CERT_CONTEXT.pbCertEncoded,https://learn.microsoft.com/en-us/windows/win32/api/wincrypt/ns-wincrypt-cert_context,to test,Same DER identity appears in multiple projections; preserve every actual occurrence and native path D020-D024: Shared full-DER identity and all observed occurrences retained across virtual categories.,,"2026-10-06 D007; D020-D024; user requested continuing backend/GUI app, issuer and syscall work, 2026-10-06 PDT",functional requirement retained while visual emphasis is selected
F075,Linked grid detail and playoff views,after enumeration gate,linked certificate/activity/details source prepared; owner standings/chain pending,ListView.SelectedIndexChanged / TabControl,https://learn.microsoft.com/en-us/dotnet/api/system.windows.forms.listview.selectedindexchanged?view=netframework-4.8.1,to test,"Tree selection drives certificate list, owner standings, returned chain view and lower details D020-D024: Selected branches scope current certificate and recent activity views. Native chains and owner-count standings remain after their gates.",,"2026-10-06 D010; D020-D024; user requested continuing backend/GUI app, issuer and syscall work, 2026-10-06 PDT",functional requirement retained while visual emphasis is selected
F076,Enabled and Blocked branches within categories,after enumeration gate,requested-policy branches source prepared; enforcement pending,TreeNode.Nodes; no Microsoft term for the local category state,https://learn.microsoft.com/en-us/dotnet/api/system.windows.forms.treenode?view=netframework-4.8.1,to test,"Each category shows both sibling branches; requested policy and effective trust remain distinct D020-D024: Every category has Enabled, Blocked and Unassigned siblings; local requested state does not alter operating-system trust.",,"2026-10-06 D005; D020-D024; user requested continuing backend/GUI app, issuer and syscall work, 2026-10-06 PDT",functional requirement retained while visual emphasis is selected
F077,Effective trust versus requested policy,after enumeration gate,explicit separation source prepared; effective trust evaluation pending,CertGetCertificateChain / CERT_TRUST_STATUS,https://learn.microsoft.com/en-us/windows/win32/api/wincrypt/nf-wincrypt-certgetcertificatechain,to test,"Record scope, purpose, identity, verifier, time and evidence; unsupported or untested scope stays unknown D020-D024: Details state requested labels, source evidence and unknown verifier scope; no label is an OS verdict.",,"2026-10-06 D005; D020-D024; user requested continuing backend/GUI app, issuer and syscall work, 2026-10-06 PDT",functional requirement retained while visual emphasis is selected
F078,Persistent block policy requirement,after enumeration gate,planned; to test,Untrusted CTL / Disallowed; application policy is user-defined,https://learn.microsoft.com/en-us/windows-server/identity/ad-cs/configure-trusted-roots-disallowed-certificates,to test,"Rule survives a returning certificate; investigate per-certificate, owner and category policy; no deletion-based claim",,2026-10-06 D006,functional requirement retained while visual emphasis is selected
F079,Policy scope and application coverage,after enumeration gate,planned; to test,CertGetCertificateChain / chain engine,https://learn.microsoft.com/en-us/windows/win32/api/wincrypt/nf-wincrypt-certgetcertificatechain,to test,"Distinguish user, machine, logical/physical stores and app verifiers; report unsupported engines",,2026-10-06 D005,functional requirement retained while visual emphasis is selected
F080,Policy conflict explanation,after enumeration gate,planned; to test,No Microsoft rule for these custom tags; CERT_TRUST_STATUS is observed data,https://learn.microsoft.com/en-us/windows/win32/api/wincrypt/ns-wincrypt-cert_trust_status,to test,Proposed same-scope block precedence; retain all matching rule IDs and reason; requires gate and review,,2026-10-06 D006,functional requirement retained while visual emphasis is selected
F081,Reappearance reconciliation,after enumeration gate,planned; to test,Automatic root updates / trusted and untrusted CTLs,https://learn.microsoft.com/en-us/windows-server/identity/ad-cs/configure-trusted-roots-disallowed-certificates,to test,Detect returning DER and changed certificates; compare observed effective state to requested policy; log evidence,,2026-10-06 D006,functional requirement retained while visual emphasis is selected
F082,Independent multiple emoji groups,after enumeration gate,15 independent groups + editable tags source prepared; to test,No Microsoft term for local tags; CERT_INFO data basis,https://learn.microsoft.com/en-us/windows/win32/api/wincrypt/ns-wincrypt-cert_info,to test,Keep 👑 🌿 🧱 🇷🇺 🏛️ 💀 💃 independent; undefined meanings stay editable and explicitly user-defined D020-D024: All earlier badges retained exactly; undefined meanings remain user-defined and editable.,,"2026-10-06 D007; D020-D024; user requested continuing backend/GUI app, issuer and syscall work, 2026-10-06 PDT",functional requirement retained while visual emphasis is selected
F083,Russia three-tag rule,after enumeration gate,source prepared; mapping to test,No Microsoft political-group term; CERT_INFO.Issuer data basis,https://learn.microsoft.com/en-us/windows/win32/api/wincrypt/ns-wincrypt-cert_info,to test,"User mapping applies 🌿 and 🧱 and 🇷🇺 independently; one identity can appear in all three branches D020-D024: RU on declared grouping-country basis gets independent 🌿, 🧱 and 🇷🇺 tags; no political-control finding.",,"2026-10-06 D007; D020-D024; user requested continuing backend/GUI app, issuer and syscall work, 2026-10-06 PDT",functional requirement retained while visual emphasis is selected
F084,Country and area directory with abbreviations,after enumeration gate,248-row retrieved UN M49 catalog source prepared; completeness distinctions to test,CERT_NAME_ATTR_TYPE / CertGetNameString data basis; country names/codes are external,https://learn.microsoft.com/en-us/windows/win32/api/wincrypt/nf-wincrypt-certgetnamestringw,to test,"Full name, ISO alpha-2, ISO alpha-3, area/country scope and source date; comprehensive reference data still to prepare D020-D024: ISO alpha2/alpha3, M49, country/area name and sourced date; non-M49 codes stay unmapped. Territory constitutional classification remains separate.",https://unstats.un.org/unsd/methodology/m49/,"2026-10-06 D008; D020-D024; user requested continuing backend/GUI app, issuer and syscall work, 2026-10-06 PDT",functional requirement retained while visual emphasis is selected
F085,Monarchy-country crown rule,after enumeration gate,43 positive monarchy seed + editable overrides source prepared; to test,No Microsoft term for monarchy; CERT_INFO data basis,https://learn.microsoft.com/en-us/windows/win32/api/wincrypt/ns-wincrypt-cert_info,to test,"Sourced country classification assigns 👑 on a declared country field; unknown remains visible D020-D024: Positive rows carry sources/dates; all other statuses remain unknown. Crown follows owner-country override, otherwise recorded issuer C.",,"2026-10-06 D008; D020-D024; user requested continuing backend/GUI app, issuer and syscall work, 2026-10-06 PDT",functional requirement retained while visual emphasis is selected
F086,BRIC and current BRICS labels,after enumeration gate,original BRIC four-code rule source prepared; expanded BRICS dataset pending,No Microsoft membership term; CERT_INFO data basis,https://learn.microsoft.com/en-us/windows/win32/api/wincrypt/ns-wincrypt-cert_info,to test,Keep original BRIC and current BRICS fields; selected user rule assigns independent 🌿 and 🧱; disputed acceptance retains source/date D020-D024: BR/RU/IN/CN map independently to 🌿 and 🧱. Current membership/status/provenance remains required future data.,https://www.brics2026.gov.in/,"2026-10-06 D008; D020-D024; user requested continuing backend/GUI app, issuer and syscall work, 2026-10-06 PDT",functional requirement retained while visual emphasis is selected
F087,Editable country-to-group assignments,after enumeration gate,country overrides/tags/version history source prepared; to test,No Microsoft social-group term; ListView presentation basis,https://learn.microsoft.com/en-us/dotnet/api/system.windows.forms.listview?view=netframework-4.8.1,to test,"Editable user flags per country/code with rule ID, version, source and date; never imply a Windows verdict D020-D024: Save source/date and monarchy or user tags by alpha2 code; prior versions retained; no trust implication.",,"2026-10-06 D008; D020-D024; user requested continuing backend/GUI app, issuer and syscall work, 2026-10-06 PDT",functional requirement retained while visual emphasis is selected
F088,Recorded issuer country versus owner country,after enumeration gate,source prepared; Windows extraction/mapping to test,CERT_INFO.Issuer / Subject; external CA owner mapping,https://learn.microsoft.com/en-us/windows/win32/api/wincrypt/ns-wincrypt-cert_info,to test,"Subject C, recorded issuer C and owner country stay separate; each grouping rule records its chosen basis D020-D024: Subject C, recorded issuer C, declared O and locally sourced owner country stay separate.",https://www.ccadb.org/resources,"2026-10-06 D009; D020-D024; user requested continuing backend/GUI app, issuer and syscall work, 2026-10-06 PDT",functional requirement retained while visual emphasis is selected
F089,Software scope at playoff endpoint,after enumeration gate,planned; to test,CertGetCertificateChain / CERT_CHAIN_POLICY_STATUS data basis,https://learn.microsoft.com/en-us/windows/win32/api/wincrypt/nf-wincrypt-certgetcertificatechain,to test,"Show requested policy, actual trust evaluation and observed software use separately; no inferred Active status",,2026-10-06 D010,functional requirement retained while visual emphasis is selected
F090,History log button and scope selector,read-only explorer and later scopes,all/certificate/date + raw activity archive pages source prepared; full group-history filters pending,EventLogReader; existing read log is application-defined,https://learn.microsoft.com/en-us/dotnet/api/system.diagnostics.eventing.reader.eventlogreader?view=netframework-4.8.1,to test,"Visible button near grid/details; certificate, issuer, group and software scopes share deduplicated evidence D020-D024: History button retains old journals; CAPI2 and ETL archive menus page original payloads. Live app/issuer selection scopes current recent observations; full multi-source historical group/software querying remains pending.",,"2026-10-06 D011; D020-D024; user requested continuing backend/GUI app, issuer and syscall work, 2026-10-06 PDT",functional requirement retained while visual emphasis is selected
F091,Historical snapshots and dated rule labels,read-only explorer and later rule/list histories,inventory + annotation/catalog history source prepared; publisher history pending,DateTimeOffset / EventLogRecord.TimeCreated,https://learn.microsoft.com/en-us/dotnet/api/system.datetimeoffset?view=netframework-4.8.1,to test,Retain old snapshots and immutable event/rule IDs; labels at event date stay distinct from current-label views D020-D024: Original activity attribution is immutable; current labels explicitly identified. Country catalog and rule versions retained; past program-list reconstruction remains pending.,,"2026-10-06 D011; D020-D024; user requested continuing backend/GUI app, issuer and syscall work, 2026-10-06 PDT",functional requirement retained while visual emphasis is selected
F092,Supported process-to-certificate observations,after enumeration gate,CAPI2 + process-lifetime + optional ETW source prepared; universal coverage pending,CAPI2 Operational diagnostics / EventLogReader,https://learn.microsoft.com/en-us/troubleshoot/windows-server/certificates-and-public-key-infrastructure-pki/microsoft-trusted-root-store-removal-of-us-federal-common-policy,to test,"Correlate supported events with process and cert/chain identifiers; gaps, missing logs and unsupported stacks visible D020-D024: Original observed diagnostics retained; source emitters, unmatched hashes, PID reuse, provider gaps and syscall certificate-purpose limits stay visible.",,"2026-10-06 D012; D020-D024; user requested continuing backend/GUI app, issuer and syscall work, 2026-10-06 PDT",functional requirement retained while visual emphasis is selected
F093,Browser trust-store reminder and coverage,after enumeration gate,planned; to test,Certificate stores / chain engine; browser-specific trust is external,https://learn.microsoft.com/en-us/windows/win32/seccrypto/system-store-locations,to test,Show browser or application verifier separately from Windows stores; LibreWolf/NSS coverage to test,https://mozilla.github.io/policy-templates/#certificates,2026-10-06 D012,functional requirement retained while visual emphasis is selected
F094,Live inventory change detection,read-only explorer and later provider notifications,periodic scans source prepared; provider notifications planned; to test,CertControlStore / CERT_STORE_CTRL_NOTIFY_CHANGE,https://learn.microsoft.com/en-us/windows/win32/api/wincrypt/nf-wincrypt-certcontrolstore,to test,Retained wishlist: observe store changes and issue a new snapshot; avoid fake attribution to the explorer,,2026-10-06 D014,functional requirement retained while visual emphasis is selected
F095,Scheduled/time-based blocking rules,retained wishlist,retained wishlist; to test,DateTimeOffset; no Microsoft native schedule term for this user policy,https://learn.microsoft.com/en-us/dotnet/api/system.datetimeoffset?view=netframework-4.8.1,to test,"Retained wishlist: timezone-aware rule dates and intervals, scope, effective-state tests and history; after write gate",,2026-10-06 D014,functional requirement retained while visual emphasis is selected
F096,DNSSEC checking,retained wishlist,retained wishlist; to test,DnsQueryEx / DNS query options,https://learn.microsoft.com/en-us/windows/win32/api/windns/nf-windns-dnsqueryex,to test,Retained wishlist: supported resolver evidence and DNSSEC validation model require research; not inferred from a certificate,,2026-10-06 D014,functional requirement retained while visual emphasis is selected
F097,Cable and satellite traffic-route research,retained wishlist,retained wishlist; to test,CERT_INFO supplies certificate metadata; no physical-route term,https://learn.microsoft.com/en-us/windows/win32/api/wincrypt/ns-wincrypt-cert_info,to test,Retained research-only request: requires independent network route evidence; no cable/satellite inference or blocking claim,,2026-10-06 D014,functional requirement retained while visual emphasis is selected
F098,Microsoft Store packaging and signing,retained wishlist,retained wishlist; to test,MSIX packaging,https://learn.microsoft.com/en-us/windows/msix/overview,to test,"Retained wishlist: Home/Pro packaging, permissions, signing and Store review after verified explorer; no certification claim",,2026-10-06 D014,functional requirement retained while visual emphasis is selected
F099,Stable function catalog,project continuity,recorded documentation,No Microsoft product term; CSV is project documentation,https://learn.microsoft.com/en-us/dotnet/api/system.windows.forms.listview?view=netframework-4.8.1,to test,"Every function has stable ID, phase, actual state, Microsoft data/UI basis, Learn URL, tag and verification; preserve across styles",,2026-10-06 D015,functional requirement retained while visual emphasis is selected
F100,Append-only design decision journal,project continuity,recorded documentation,No Microsoft product term; project documentation,https://learn.microsoft.com/en-us/dotnet/api/system.windows.forms.treeview?view=netframework-4.8.1,to test,"Keep layout correction, scope gates, rule semantics, unknowns and supersession history; no silent function removal",,2026-10-06 D015,functional requirement retained while visual emphasis is selected
F101,Saved comparable visual options,after enumeration gate,planned; to test,TreeView / ListView / TabControl presentation basis,https://learn.microsoft.com/en-us/dotnet/api/system.windows.forms.treeview?view=netframework-4.8.1,to test,Three classic Win95 directions share functionality and far-left issuer controls; keep generated prompts and returned image paths,,2026-10-06 D013,functional requirement retained while visual emphasis is selected
F102,Durable activity journal,read-only explorer,source prepared; Windows to test,FileStream.Flush(Boolean) / DataContractJsonSerializer,https://learn.microsoft.com/en-us/dotnet/api/system.io.filestream.flush,to test,Append UTC event/session/scan IDs immediately; preserve across restart; storage failures visible; application observations only,,2026-10-06 D018/D019 user correction: durable logging and complete CA catalog,History button; permanent Explorer layout retained
F103,Public-certificate retention,read-only explorer,source prepared; Windows to test,X509Certificate2.RawData / SHA256.ComputeHash,https://learn.microsoft.com/en-us/dotnet/api/system.security.cryptography.x509certificates.x509certificate2.rawdata,to test,Preserve original public DER as observed; compare full bytes; never overwrite conflicting objects; no private-key export,,2026-10-06 D018/D019 user correction: durable logging and complete CA catalog,Certificate views share retained identities
F104,Immutable inventory history,read-only explorer,source prepared; Windows to test,DataContractJsonSerializer / HashAlgorithm.ComputeHash,https://learn.microsoft.com/en-us/dotnet/api/system.runtime.serialization.json.datacontractjsonserializer,to test,"Deduplicate identical inventory contents; each scan journal references its inventory; preserve metadata, locations, occurrences and failures",,2026-10-06 D018/D019 user correction: durable logging and complete CA catalog,History supports dated views; no new certificate list columns
F105,Successful-source membership comparisons,read-only explorer,source prepared; Windows to test,CertEnumCertificatesInStore / CERT_STORE_READONLY_FLAG,https://learn.microsoft.com/en-us/windows/win32/api/wincrypt/nf-wincrypt-certenumcertificatesinstore,to test,Compare each successfully read source to its last successful baseline; denied/canceled/missing sources never become inferred removals,,2026-10-06 D018/D019 user correction: durable logging and complete CA catalog,History retains additions/removals/usage changes with observation time
F106,Restart recovery and archive integrity,read-only explorer,source prepared; Windows to test,FileShare.None / DataContractJsonSerializer / SHA256,https://learn.microsoft.com/en-us/dotnet/api/system.io.fileshare,to test,Single writer; flushed temporary objects; commit references recover baselines; malformed records and corrupt objects remain evidence; hashes are not authentication,,2026-10-06 D018/D019 user correction: durable logging and complete CA catalog,Archive errors visible in status and history
F107,Dated paginated certificate history,read-only explorer,source prepared; Windows to test,ComboBox / Button / TextBox,https://learn.microsoft.com/en-us/dotnet/api/system.windows.forms.combobox,to test,UTC journal date selection and 500-event display pages; full retained records remain accessible; selected-certificate SHA-256 filter,,2026-10-06 D018/D019 user correction: durable logging and complete CA catalog,History button and Certificate > Certificate history
F108,Complete CCADB catalog version archive,after enumeration gate,required baseline; planned; to test,No Microsoft term for CCADB; SHA256 data identity basis,https://learn.microsoft.com/en-us/dotnet/api/system.security.cryptography.sha256,to test,"Retain every record in each complete source version, including missing metadata/expired records; validate counts/schema/pagination; 10000 is no cap; no consumer subset",https://www.ccadb.org/resources,2026-10-06 D018/D019 user correction: durable logging and complete CA catalog,Full catalog feeds existing issuer/country/tag views
F109,Year comparisons and historical evidence,after enumeration gate,planned; to test,DateTimeOffset / CERT_INFO,https://learn.microsoft.com/en-us/dotnet/api/system.datetimeoffset,to test,"Compare 2025/2026 and later by preserved observations/releases; distinguish not-before, release, source-list, fetch and observation dates; keep historical trust evidence separate",https://github.com/mozilla/CCADB-Tools/blob/master/API_AllCertificateRecords/README.md,2026-10-06 D018/D019 user correction: durable logging and complete CA catalog,History time selector; preserves issuer groups and dated labels
F110,Supplemental software-release certificate catalog,after enumeration gate,selected executable signer/hash provenance source prepared; release catalog pending,X509Certificate2 / CERT_INFO data basis,https://learn.microsoft.com/en-us/windows/win32/api/wincrypt/ns-wincrypt-cert_info,to test,"Add observed software/version/build/channel/bundle provenance to the full CA baseline; distinguish shipped bundles, local stores, file signers and network-observed certificates D020-D024: Explicit current process/file binding and public embedded signer observation added; software version/build/channel/bundle inventory still pending.",,"2026-10-06 D018/D019 user correction: durable logging and complete CA catalog; D020-D024; user requested continuing backend/GUI app, issuer and syscall work, 2026-10-06 PDT",Software scope and history remain linked to issuer views
F111,Continual scan collection while running,read-only explorer,source prepared; Windows to test,System.Windows.Forms.Timer / Tick,https://learn.microsoft.com/en-us/dotnet/api/system.windows.forms.timer,to test,"First launch, manual refresh and non-overlapping 60-second scans feed archive; preserve selection; stopped/inaccessible/between-scan coverage remains explicit",,2026-10-06 D018/D019 user correction: durable logging and complete CA catalog,Explorer stays usable while history accumulates
F112,Observed application inventory,application evidence and issuer explorer,source prepared; Windows to test,Process.GetProcesses / Process.ProcessName / Process.MainModule / Process.StartTime,https://learn.microsoft.com/en-us/dotnet/api/system.diagnostics.process.getprocesses,to test,"Process ID, name, executable path, start/observation UTC and access errors; running-process observations retained, not an installed-software inventory.",,"D020-D024; user requested continuing backend/GUI app, issuer and syscall work, 2026-10-06 PDT",preserve classic far-left Explorer tree and all retained functions
F113,Process lifetime event attribution,application evidence and issuer explorer,source prepared; Windows to test,Process.StartTime / EVENT_HEADER.ProcessId / ThreadId,https://learn.microsoft.com/en-us/dotnet/api/system.diagnostics.process.starttime,to test,PID plus observed start time; associate only events inside an observed lifetime. System.Execution identifies the CAPI2 emitter; broker clients remain unresolved.,,"D020-D024; user requested continuing backend/GUI app, issuer and syscall work, 2026-10-06 PDT",preserve classic far-left Explorer tree and all retained functions
F114,CAPI2 retained-log replay and live collection,application evidence and issuer explorer,source prepared; Windows to test,EventLogWatcher / EventLogQuery,https://learn.microsoft.com/en-us/dotnet/api/system.diagnostics.eventing.reader.eventlogwatcher,to test,"Replay available Microsoft-Windows-CAPI2/Operational records and follow new events while open; channel, privilege, retention and provider coverage require Windows testing.",https://learn.microsoft.com/en-us/troubleshoot/windows-server/certificates-and-public-key-infrastructure-pki/microsoft-trusted-root-store-removal-of-us-federal-common-policy,"D020-D024; user requested continuing backend/GUI app, issuer and syscall work, 2026-10-06 PDT",preserve classic far-left Explorer tree and all retained functions
F115,Original CAPI2 evidence retention,application evidence and issuer explorer,source prepared; Windows to test,EventRecord.ToXml / DataContractJsonSerializer,https://learn.microsoft.com/en-us/dotnet/api/system.diagnostics.eventing.reader.eventrecord.toxml,to test,"Persist original XML and source fields before advancing bookmark; preserve unparsed payloads, interpretation errors and evidence SHA-256. Storage failures remain visible.",,"D020-D024; user requested continuing backend/GUI app, issuer and syscall work, 2026-10-06 PDT",preserve classic far-left Explorer tree and all retained functions
F116,Explicit certificate-reference matching,application evidence and issuer explorer,source prepared; Windows to test,CERT_CONTEXT.pbCertEncoded / SHA1 / SHA256,https://learn.microsoft.com/en-us/windows/win32/api/wincrypt/ns-wincrypt-cert_context,to test,Only explicit Certificate/Cert hash and strict fileRef fields are candidate lookup keys; field mapping to test. Retain all SHA-1 collision candidates; no name/incidental-hex matches or parent inference.,,"D020-D024; user requested continuing backend/GUI app, issuer and syscall work, 2026-10-06 PDT",preserve classic far-left Explorer tree and all retained functions
F117,Durable CAPI2 replay checkpoint,application evidence and issuer explorer,source prepared; Windows to test,EventBookmark / EventLogWatcher,https://learn.microsoft.com/en-us/dotnet/api/system.diagnostics.eventing.reader.eventbookmark,to test,Atomic app-local checkpoint after durable evidence commit; delivery/write gaps hold cursor before gap. Invalid/stale bookmark replay remains visible. Windows log overwrite cannot be recovered.,,"D020-D024; user requested continuing backend/GUI app, issuer and syscall work, 2026-10-06 PDT",preserve classic far-left Explorer tree and all retained functions
F118,Explicit CAPI2 diagnostic-log enable action,application evidence and issuer explorer,source prepared; Windows to test,EventLogConfiguration.IsEnabled / SaveChanges,https://learn.microsoft.com/en-us/dotnet/api/system.diagnostics.eventing.reader.eventlogconfiguration.isenabled,to test,"Only explicit Live menu action enables the Windows diagnostic channel; no certificate store write, log clearing, resizing, policy bypass or automatic elevation.",https://learn.microsoft.com/en-us/dotnet/api/system.diagnostics.eventing.reader.eventlogconfiguration.savechanges,"D020-D024; user requested continuing backend/GUI app, issuer and syscall work, 2026-10-06 PDT",preserve classic far-left Explorer tree and all retained functions
F119,DER issuer and subject country/organization attributes,application evidence and issuer explorer,source prepared; Windows to test,X509Certificate2.IssuerName / SubjectName / X500DistinguishedName.RawData,https://learn.microsoft.com/en-us/dotnet/api/system.security.cryptography.x509certificates.x500distinguishedname.rawdata,to test,"Read exact 2.5.4.6 (C) and 2.5.4.10 (O) attributes from original DER names. Multiple/conflicting values and decoding errors stay unresolved; issuer O is a declaration, not validated ownership.",,"D020-D024; user requested continuing backend/GUI app, issuer and syscall work, 2026-10-06 PDT",preserve classic far-left Explorer tree and all retained functions
F120,Country and area reference catalog,application evidence and issuer explorer,source prepared; Windows to test,No Microsoft country taxonomy; TreeView and DataContractJsonSerializer provide presentation/codec,https://learn.microsoft.com/en-us/dotnet/api/system.windows.forms.treeview,to test,"248 retrieved UN M49 country/area rows with ISO-alpha2, alpha3, M49, name, region, source and date. UN list is not all ISO territories/disputed entities; unmapped codes remain visible.",https://unstats.un.org/unsd/methodology/m49/overview/,"D020-D024; user requested continuing backend/GUI app, issuer and syscall work, 2026-10-06 PDT",preserve classic far-left Explorer tree and all retained functions
F121,Sourced positive monarchy seed,application evidence and issuer explorer,source prepared; Windows to test,No Microsoft constitutional classification; TreeView presentation,https://learn.microsoft.com/en-us/dotnet/api/system.windows.forms.treeview,to test,"43 sourced positive classifications; remaining 205 rows explicitly unknown, including unclassified territories. Crown follows declared grouping-country basis; editable overrides retain source/date. Not a complete political-control table.",https://www.coronationroll.gov.uk/further_info/flags-realms/ ; https://thecrownsociety.org/other-reigning-monarchies ; per-row government sources in data/countries.json,"D020-D024; user requested continuing backend/GUI app, issuer and syscall work, 2026-10-06 PDT",preserve classic far-left Explorer tree and all retained functions
F122,Versioned issuer and corporation labels,application evidence and issuer explorer,source prepared; Windows to test,DataContractJsonSerializer / HashAlgorithm.ComputeHash,https://learn.microsoft.com/en-us/dotnet/api/system.runtime.serialization.json.datacontractjsonserializer,to test,"Certificate-identity owner, corporation/group, owner country, tags, source and date; immutable versions retained in app history. Current labels explicitly differ from original event attribution.",,"D020-D024; user requested continuing backend/GUI app, issuer and syscall work, 2026-10-06 PDT",preserve classic far-left Explorer tree and all retained functions
F123,Retained requested-policy labels,application evidence and issuer explorer,source prepared; Windows to test,No Microsoft term for requested label; DataContractJsonSerializer,https://learn.microsoft.com/en-us/dotnet/api/system.runtime.serialization.json.datacontractjsonserializer,to test,"Enabled/Blocked/Unassigned category branches use retained local labels only. Effective Windows trust, actual use and enforcement remain separate and not evaluated by these labels.",,"D020-D024; user requested continuing backend/GUI app, issuer and syscall work, 2026-10-06 PDT",preserve classic far-left Explorer tree and all retained functions
F124,Application and live activity grids,application evidence and issuer explorer,source prepared; Windows to test,ListView / ColumnClick / TabControl / EventRecord,https://learn.microsoft.com/en-us/dotnet/api/system.windows.forms.listview,to test,"Applications: Process name, Process ID, Start time, Executable path, Access status. Activity: TimeCreated, Process ID, Thread ID, Provider/source, Event ID/opcode, Operation, Result, Certificate references. Native sortable views; original 12 certificate headers unchanged.",https://learn.microsoft.com/en-us/dotnet/api/system.diagnostics.eventing.reader.eventrecord,"D020-D024; user requested continuing backend/GUI app, issuer and syscall work, 2026-10-06 PDT",preserve classic far-left Explorer tree and all retained functions
F125,Application-to-issuer evidence relationships,application evidence and issuer explorer,source prepared; Windows to test,TreeView / CERT_INFO.Subject / Issuer / EVENT_HEADER,https://learn.microsoft.com/en-us/dotnet/api/system.windows.forms.treeview,to test,Source event -> emitter/lifetime -> explicit lookup references -> inventory matches -> declared issuer/local owner/country/tags. These metadata associations do not claim a returned certificate chain or political causation.,https://learn.microsoft.com/en-us/windows/win32/api/evntcons/ns-evntcons-event_header,"D020-D024; user requested continuing backend/GUI app, issuer and syscall work, 2026-10-06 PDT",preserve classic far-left Explorer tree and all retained functions
F126,Owned ETW syscall session,application evidence and issuer explorer,source prepared; Windows to test,StartTraceW / ControlTraceW / EVENT_TRACE_FLAG_SYSTEMCALL,https://learn.microsoft.com/en-us/windows/win32/api/evntrace/nf-evntrace-starttracew,to test,"Explicit capture action creates a unique dedicated SYSTEM_LOGGER, never the shared NT Kernel Logger. 64-bit ABI checked; privileges/access failures visible; stop controls only the returned owned handle.",https://learn.microsoft.com/en-us/windows/win32/etw/nt-kernel-logger-constants,"D020-D024; user requested continuing backend/GUI app, issuer and syscall work, 2026-10-06 PDT",preserve classic far-left Explorer tree and all retained functions
F127,Original sequential syscall ETL retention,application evidence and issuer explorer,source prepared; Windows to test,EVENT_TRACE_PROPERTIES / EVENT_TRACE_FILE_MODE_SEQUENTIAL,https://learn.microsoft.com/en-us/windows/win32/api/evntrace/ns-evntrace-event_trace_properties,to test,"Unique original ETL per explicit capture, 512 MB ceiling; no circular overwrite or private certificate-key capture. Final file SHA-256/bytes and counters journaled; continuous rotation not yet implemented.",https://learn.microsoft.com/en-us/windows/win32/etw/logging-mode-constants,"D020-D024; user requested continuing backend/GUI app, issuer and syscall work, 2026-10-06 PDT",preserve classic far-left Explorer tree and all retained functions
F128,SysCallEnter and SysCallExit decoding,application evidence and issuer explorer,source prepared; Windows to test,SysCallEnter.SysCallAddress / SysCallExit.SysCallNtStatus / EVENT_RECORD,https://learn.microsoft.com/en-us/windows/win32/etw/syscallenter,to test,"Retain raw pointer/NTSTATUS, opcode, version, provider, timestamp, process/thread and payload. Symbols unresolved; no guessed enter/exit pairing or certificate purpose. Layout/schema to test.",https://learn.microsoft.com/en-us/windows/win32/etw/syscallexit,"D020-D024; user requested continuing backend/GUI app, issuer and syscall work, 2026-10-06 PDT",preserve classic far-left Explorer tree and all retained functions
F129,Separate ETW loss and display-omission counters,application evidence and issuer explorer,source prepared; Windows to test,EVENT_TRACE_PROPERTIES.EventsLost / LogBuffersLost / RealTimeBuffersLost,https://learn.microsoft.com/en-us/windows/win32/api/evntrace/ns-evntrace-event_trace_properties,to test,"Distinguish source ETW event/buffer loss, decode errors, 500/sec syscall live display examples, 2000 pending rows and 5000 recent view rows. Display limits do not trim original retained ETLs/XML.",,"D020-D024; user requested continuing backend/GUI app, issuer and syscall work, 2026-10-06 PDT",preserve classic far-left Explorer tree and all retained functions
F130,Retained CAPI2 payload pages,application evidence and issuer explorer,source prepared; Windows to test,ComboBox / ListView / EventRecord.ToXml,https://learn.microsoft.com/en-us/dotnet/api/system.windows.forms.combobox,to test,"Date selection and 500-record pages through all retained CAPI2 evidence, with original source XML/actor fields and integrity-checked object reads. Unreadable objects produce visible error rows.",,"D020-D024; user requested continuing backend/GUI app, issuer and syscall work, 2026-10-06 PDT",preserve classic far-left Explorer tree and all retained functions
F131,Retained syscall ETL pages,application evidence and issuer explorer,source prepared; Windows to test,OpenTraceW / ProcessTrace / EVENT_RECORD,https://learn.microsoft.com/en-us/windows/win32/api/evntrace/nf-evntrace-processtrace,to test,Read original ETLs in 500 matching-event pages without live display sampling. Separate enter/exit rows and native loss counters; Windows ETL reopening/coverage to test.,https://learn.microsoft.com/en-us/windows/win32/api/evntrace/nf-evntrace-opentracew,"D020-D024; user requested continuing backend/GUI app, issuer and syscall work, 2026-10-06 PDT",preserve classic far-left Explorer tree and all retained functions
F132,Application executable hash and embedded signer,application evidence and issuer explorer,source prepared; Windows to test,X509Certificate.CreateFromSignedFile / GetRawCertData / SHA256.ComputeHash,https://learn.microsoft.com/en-us/dotnet/api/system.security.cryptography.x509certificates.x509certificate.createfromsignedfile,to test,"Explicit selected-process action checks current lifetime/path, holds read-only file handle, hashes exact file and extracts public signer DER. Retained evidence; Authenticode trust, catalog signatures and chain evaluation remain not evaluated.",,"D020-D024; user requested continuing backend/GUI app, issuer and syscall work, 2026-10-06 PDT",preserve classic far-left Explorer tree and all retained functions
F133,Collector lifecycle and owned-session cleanup,application evidence and issuer explorer,source prepared; Windows to test,EventLogWatcher.Dispose / ControlTraceW / CloseTrace,https://learn.microsoft.com/en-us/windows/win32/api/evntrace/nf-evntrace-closetrace,to test,"Serialize CAPI2 lifecycle; dispose collectors before history writer, hold previous ETW worker identity, and stop only owned sessions. Normal close/process exit prepared; forced-kill recovery and Windows stress tests pending.",https://learn.microsoft.com/en-us/dotnet/api/system.diagnostics.eventing.reader.eventlogwatcher,"D020-D024; user requested continuing backend/GUI app, issuer and syscall work, 2026-10-06 PDT",preserve classic far-left Explorer tree and all retained functions
F134,Retained country catalog provenance,application evidence and issuer explorer,source prepared; Windows to test,DataContractJsonSerializer / SHA256,https://learn.microsoft.com/en-us/dotnet/api/system.runtime.serialization.json.datacontractjsonserializer,to test,Retain package country catalog contents and per-row classification sources/dates in immutable evidence objects; later labels cannot erase earlier observed catalog versions.,https://unstats.un.org/unsd/methodology/m49/overview/,"D020-D024; user requested continuing backend/GUI app, issuer and syscall work, 2026-10-06 PDT",preserve classic far-left Explorer tree and all retained functions
F135,Continual syscall capture rotation,application evidence and issuer explorer,required; planned; to test,EVENT_TRACE_PROPERTIES.MaximumFileSize / ControlTraceW,https://learn.microsoft.com/en-us/windows/win32/api/evntrace/ns-evntrace-event_trace_properties,to test,"Required continuation: retain every completed ETL and implement explicit, logged rotation/handoff before the sequential ceiling. Current source uses user-started sessions and visible Stop/restart; no always-on service or gapless claim.",,"D020-D024; user requested continuing backend/GUI app, issuer and syscall work, 2026-10-06 PDT",preserve classic far-left Explorer tree and all retained functions
F136,Archive handle confinement,verification and security hardening,implemented; hosted Windows tested; Home/Pro to test,CreateFileW / GetFileInformationByHandle / GetFinalPathNameByHandleW,https://learn.microsoft.com/en-us/windows/win32/api/fileapi/nf-fileapi-createfilew,to test,"Pin every local directory without delete sharing; reject reparse points, hardlinks and mismatched final paths before archive reads/writes. Owned link fixtures pass on both Windows runners.",https://learn.microsoft.com/en-us/windows/win32/api/fileapi/nf-fileapi-getfileinformationbyhandle,"User requested working confirmation, bug testing, adversarial testing and downloadable build, 2026-10-07","preserve classic far-left tree, certificate list and lower details"
F137,Archive allocation budgets,verification and security hardening,implemented; hosted Windows tested; Home/Pro to test,FileStream.Length / StreamReader.Read,https://learn.microsoft.com/en-us/dotnet/api/system.io.filestream.length,to test,"Bound bytes before allocating objects; scan oversized journal rows without retaining their full text. Preserve a visible size-limit marker and original disk bytes. Budgets are bytes, not a 10000-certificate count cutoff.",,"User requested working confirmation, bug testing, adversarial testing and downloadable build, 2026-10-07","preserve classic far-left tree, certificate list and lower details"
F138,Retained evidence schema validation,verification and security hardening,implemented; hosted Windows tested; Home/Pro to test,DataContractJsonSerializer.ReadObject,https://learn.microsoft.com/en-us/dotnet/api/system.runtime.serialization.json.datacontractjsonserializer.readobject,to test,Reject null/malformed certificate references in hash-valid retained activity. Preserve visible error rows; hash integrity is not a signature or authentication boundary.,,"User requested working confirmation, bug testing, adversarial testing and downloadable build, 2026-10-07","preserve classic far-left tree, certificate list and lower details"
F139,Bounded Framework bookmark transport,verification and security hardening,implemented; hosted Windows tested; Home/Pro to test,EventBookmark / ISerializable / DataContractSerializer,https://learn.microsoft.com/en-us/dotnet/api/system.diagnostics.eventing.reader.eventbookmark,to test,"Fixed bookmark type, XML DTD prohibition, 64 KiB size and 32 graph-item budget. Real bookmark round-trip/resume and invalid fallback tested; no BinaryFormatter/reflection construction.",https://learn.microsoft.com/en-us/dotnet/framework/wcf/feature-details/types-supported-by-the-data-contract-serializer,"User requested working confirmation, bug testing, adversarial testing and downloadable build, 2026-10-07","preserve classic far-left tree, certificate list and lower details"
F140,Real Windows verification,verification and security hardening,implemented; hosted Windows tested; Home/Pro to test,Windows Forms / EventLogWatcher / StartTraceW,https://learn.microsoft.com/en-us/dotnet/api/system.windows.forms.form,to test,"Compile and operate the native GUI, native store inventory, real CAPI2 fixture references, owned ETW sessions and unsampled original ETL pages on Windows Server x64 and Windows 11 Enterprise ARM64; Home/Pro remains pending.",https://learn.microsoft.com/en-us/windows/win32/api/evntrace/nf-evntrace-starttracew,"User requested working confirmation, bug testing, adversarial testing and downloadable build, 2026-10-07","preserve classic far-left tree, certificate list and lower details"
F141,Continuing journal group sync,verification and security hardening,implemented; hosted Windows tested; Home/Pro to test,FileStream.Flush(Boolean) / Timer,https://learn.microsoft.com/en-us/dotnet/api/system.io.filestream.flush,to test,"Every ordinary observation reaches the OS immediately; dirty journals sync on the next one-second timer tick under normal scheduling, and at commit/close. CAPI2/label/scan commits flush synchronously before returning. Scheduling/power-loss stress remains pending.",https://learn.microsoft.com/en-us/dotnet/api/system.threading.timer,"User requested working confirmation, bug testing, adversarial testing and downloadable build, 2026-10-07","preserve classic far-left tree, certificate list and lower details"
F142,Explicit system Event Viewer launch,verification and security hardening,implemented; Windows build gate,ProcessStartInfo.FileName / UseShellExecute,https://learn.microsoft.com/en-us/dotnet/api/system.diagnostics.processstartinfo.useshellexecute,to test,Open Event Viewer through the absolute SystemDirectory mmc.exe path with an absolute console path and shell execution disabled; avoid current-directory executable search and per-user .msc associations.,https://learn.microsoft.com/en-us/dotnet/api/system.environment.systemdirectory,"Code security review during user-authorized red-team test, 2026-10-07",retain existing Live menu and classic layout
