stage,requirement,microsoft_term,learn_url,tag,state
S2,Trust blocking,Disallowed system store / certificate trust list,https://learn.microsoft.com/en-us/windows-server/identity/ad-cs/configure-trusted-roots-disallowed-certificates,to test,documentation only; locked by own-PC Screen 1 acceptance
S2,Disable purposes,CERT_ENHKEY_USAGE_PROP_ID / CertSetCertificateContextProperty,https://learn.microsoft.com/en-us/windows/win32/api/wincrypt/nf-wincrypt-certsetcertificatecontextproperty,to test,documentation only; enforcement and reboot validation pending
S2,Chain and purpose recheck,CertGetCertificateChain / CertVerifyCertificateChainPolicy,https://learn.microsoft.com/en-us/windows/win32/api/wincrypt/nf-wincrypt-certverifycertificatechainpolicy,to test,documentation only; software coverage not inferred
S2,Group dry run and undo,No Microsoft group-block transaction term; FileStream is the journal basis,https://learn.microsoft.com/en-us/dotnet/api/system.io.filestream,to test,documentation only; one hash record per touched certificate; single-action undo
S3,Switchable tree and stacked tags,TreeView,https://learn.microsoft.com/en-us/dotnet/api/system.windows.forms.treeview,to test,documentation only; classifications must come from CSV
S3,Certificate country claim,CERT_RDN_ATTR / countryName,https://learn.microsoft.com/en-us/windows/win32/api/wincrypt/ns-wincrypt-cert_rdn_attr,to test,documentation only; CSV join and country notions remain distinct
S3,Owner CSV and program-status join,No Microsoft CA-owner taxonomy; TextFieldParser is a CSV parsing basis,https://learn.microsoft.com/en-us/dotnet/api/microsoft.visualbasic.fileio.textfieldparser,to test,documentation only; do not create CSV templates or a parser now
S3,Microsoft program status,Trusted and untrusted certificate trust lists,https://learn.microsoft.com/en-us/windows-server/identity/ad-cs/configure-trusted-roots-disallowed-certificates,to test,documentation only; list date and documented distrust distinct from user flags
S3,Key and signature strength,CERT_PUBLIC_KEY_INFO / CERT_INFO.SignatureAlgorithm,https://learn.microsoft.com/en-us/windows/win32/api/wincrypt/ns-wincrypt-cert_info,to test,documentation only for later columns; existing read-only Details retained
S3,SPKI hash and local collision/reuse rules,CERT_PUBLIC_KEY_INFO / SHA256,https://learn.microsoft.com/en-us/windows/win32/api/wincrypt/ns-wincrypt-cert_public_key_info,to test,documentation only for later columns; hashes are lookup keys
S4,Standings and playoff grids,ListView / TreeView,https://learn.microsoft.com/en-us/dotnet/api/system.windows.forms.listview,to test,documentation only; software usability needs evidence
S4,Returned chain bracket,CertGetCertificateChain / CERT_CHAIN_CONTEXT,https://learn.microsoft.com/en-us/windows/win32/api/wincrypt/nf-wincrypt-certgetcertificatechain,to test,documentation only; show actual returned simple chains
S4,Hash strip and dated list hits,SHA1 / SHA256,https://learn.microsoft.com/en-us/dotnet/api/system.security.cryptography.sha256,to test,documentation only; hit and miss stay visible; no parent inference from hashes
S5,Presented certificate and application decision,Microsoft-Windows-CAPI2/Operational / EventRecord.ToXml,https://learn.microsoft.com/en-us/dotnet/api/system.diagnostics.eventing.reader.eventrecord.toxml,to test,documentation only; presentation and app acceptance must be verified from source fields
S5,CT issuance and incident CSV,No Microsoft CT-source equivalent; TextFieldParser is a CSV basis,https://learn.microsoft.com/en-us/dotnet/api/microsoft.visualbasic.fileio.textfieldparser,to test,documentation only; complete source hashes and dates required
S5,Revocation evidence,CERT_TRUST_STATUS,https://learn.microsoft.com/en-us/windows/win32/api/wincrypt/ns-wincrypt-cert_trust_status,to test,documentation only; lookup failure distinct from revocation and trust block
S5,DNS versus trust versus browser state,No universal Microsoft browser-decision term; CertVerifyCertificateChainPolicy is the Windows policy basis,https://learn.microsoft.com/en-us/windows/win32/api/wincrypt/nf-wincrypt-certverifycertificatechainpolicy,to test,documentation only; external DNS and each browser require separate observed evidence
S5,Domain issuer and owner-change flags,CERT_INFO.Subject / Issuer,https://learn.microsoft.com/en-us/windows/win32/api/wincrypt/ns-wincrypt-cert_info,to test,documentation only; owner mappings are sourced claims and historical comparisons
S5,Clock source and peers,Windows Time service / w32tm,https://learn.microsoft.com/en-us/windows-server/networking/windows-time-service/windows-time-service-tools-and-settings,to test,documentation only; no clock checker or shared-jump scaffold before S5
S5,Clock jump and date unverifiability,DateTimeOffset / Stopwatch / CERT_INFO.NotBefore / NotAfter,https://learn.microsoft.com/en-us/dotnet/api/system.diagnostics.stopwatch,to test,documentation only; shared jump detector and suspect-state rules deferred to S5
S6,User-selected file association,File type and URI associations,https://learn.microsoft.com/en-us/windows/apps/develop/windows-integration/default-apps-platform,to test,documentation only; never auto-install or acquire/export private keys
